ID,no_financial_services,other_only,mm_only,mm_plus
2352,0.28813776,0.66285,0.006847062,0.042165108
8208,0.00021901545,7.144445e-05,0.0155816,0.98412794
2785,0.001267497,0.0007263582,0.50007594,0.49793017
2967,0.9215753,0.064805806,0.0024191323,0.011199788
1697,0.6025664,0.27466923,0.005990195,0.11677413
4794,0.00020111195,4.636523e-05,0.021534696,0.9782178
2675,0.023186844,0.038457464,0.098875724,0.83948
2989,0.0004486704,2.20305e-05,0.09919935,0.90032995
1634,0.00055376213,0.040458716,0.4377844,0.5212031
4147,0.19345984,0.4946266,0.1827979,0.12911566
8003,6.117033e-06,0.00064578565,0.017436564,0.98191154
1058,0.45704618,0.34920067,0.014357397,0.1793958
8172,0.00035848163,0.003525848,0.6585537,0.33756194
2640,0.48423204,0.50436085,0.009407849,0.0019992667
1233,0.09925513,0.8966685,0.00046027894,0.003616156
8632,0.0013488602,0.04766459,0.17540373,0.77558285
4548,0.308682,0.15160166,0.41612157,0.12359474
1032,0.00019781385,0.122898474,0.005675965,0.8712277
270,0.00010299512,0.0007193267,0.033356473,0.9658212
5516,0.19967559,0.6623194,0.086905204,0.051099762
1289,0.0017510352,0.00053363846,0.0366093,0.961106
376,3.223267e-06,0.004863747,0.030730538,0.9644025
5856,0.295206,0.057816103,0.324725,0.3222529
2588,0.17382206,0.8037696,0.009081756,0.0133266365
1348,0.69765913,0.27092373,0.008503569,0.022913609
8391,0.6380224,0.31514102,0.013234348,0.0336022
2616,2.2701674e-05,2.8251909e-05,0.14841242,0.85153663
5154,0.46937785,0.51352775,0.0030033311,0.014091098
869,0.32354647,0.40429446,0.046550453,0.22560863
6625,0.5860357,0.20287934,0.05269377,0.1583912
1423,6.29292e-05,0.00080122286,0.02674199,0.9723938
2276,0.8998284,0.06181443,0.010533873,0.02782326
4252,0.13825575,0.85025513,0.0046607447,0.0068284026
1311,0.18548213,0.56935555,0.0611548,0.18400753
1534,0.0025527081,0.02104341,0.0062207766,0.97018313
4059,0.17470038,0.7646906,0.04033977,0.020269308
970,0.8096969,0.13675524,0.018832939,0.034714945
1712,0.0025675683,0.003123914,0.13458295,0.8597256
588,0.7340457,0.22306421,0.0052660475,0.037624054
252,0.0013489178,0.001242154,0.13091023,0.8664987
2204,0.001011139,0.024675777,0.049655054,0.92465806
6038,0.98224014,0.012836656,0.0018773879,0.0030457948
64,1.5483636e-06,7.081594e-05,0.023139909,0.97678775
1873,0.65526384,0.1978055,0.039655074,0.10727559
1627,0.010632396,0.07656366,0.22847366,0.6843303
1052,0.0020306683,0.020368196,0.4307442,0.54685694
1391,7.17113e-05,0.000490429,0.029309854,0.97012806
4800,0.00045305621,0.0010606513,0.028547492,0.9699388
3958,0.31569597,0.66652036,0.0008576805,0.016926019
4351,8.321419e-07,1.2928741e-05,0.003906689,0.9960795
241,0.5276146,0.46296623,0.007970545,0.0014486057
6626,6.933557e-05,0.05781492,0.047722448,0.8943933
1948,0.0006368893,0.0006785686,0.006052378,0.99263215
6748,1.931687e-05,0.0003556323,0.036445145,0.9631799
14,1.5454336e-05,0.0015392436,0.052306473,0.94613886
1709,0.00046238018,0.0017460282,0.006871337,0.9909203
6893,2.1883687e-07,0.0009041919,0.00017574758,0.99891984
6183,0.6012916,0.3851746,0.0004708406,0.013062973
4650,0.020896323,0.008061912,0.5032244,0.4678174
4039,2.005373e-06,1.5411138e-06,0.37374437,0.62625206
566,0.18154012,0.08437937,0.029080302,0.7050002
5108,2.4388087e-06,0.00065609545,0.041936345,0.9574051
378,0.40558895,0.20795146,0.095276825,0.29118276
2374,0.00034834046,0.0051292293,0.013343535,0.98117894
5703,0.007231798,0.0037886056,0.031166317,0.95781326
365,0.00095964316,0.0070146755,0.34371704,0.64830863
3048,0.80011207,0.17797746,0.0054288562,0.016481599
363,0.00048982137,0.010348832,0.037450064,0.9517113
6190,2.8471988e-05,0.0020480694,0.0035351035,0.9943883
4505,0.09565902,0.014777695,0.09535694,0.7942063
1513,0.35840073,0.63616765,0.0016304281,0.003801196
3475,0.27584967,0.7206494,0.0010127504,0.00248812
768,0.0023767638,0.016358962,0.051552057,0.9297122
4673,8.739986e-06,3.164428e-05,0.027286282,0.9726733
2924,2.0481184e-06,1.9671605e-05,0.14995207,0.85002625
5199,0.32625878,0.29963407,0.18485713,0.18925004
6079,0.29191998,0.4785586,0.08862246,0.14089899
39,0.0012779246,0.007282368,0.010263533,0.9811762
3518,0.00015058162,2.6830907e-05,0.0108062895,0.98901635
1576,0.30813575,0.4602235,0.152188,0.07945277
835,0.7918301,0.19903697,0.0031782663,0.0059546814
1356,0.006547467,0.0039018118,0.07985452,0.9096962
1355,1.1890244e-05,0.0025636044,0.039283987,0.9581405
7353,1.3052751e-07,2.3193818e-06,5.3942647e-05,0.9999436
1894,0.38491076,0.60211843,0.001087081,0.011883747
5722,0.0019627507,0.009146896,0.13953295,0.8493574
6712,0.06458744,0.3632096,0.051394578,0.5208084
9172,0.09673877,0.5907924,0.091270685,0.22119814
258,0.29690057,0.6896534,0.0038319572,0.009614082
1023,0.48487613,0.49089676,0.0040478115,0.020179326
674,0.51299,0.32737345,0.0527415,0.10689506
2230,0.0024140608,0.045606885,0.12929565,0.8226834
5386,0.0010801061,0.00044163747,0.02999052,0.96848774
9017,1.4279784e-06,1.0708909e-05,6.167761e-05,0.9999262
2819,3.8199258e-07,1.6870554e-05,0.038721494,0.9612613
8998,0.7134916,0.26766583,0.0060803783,0.01276215
5181,0.59174573,0.38060147,0.014743122,0.012909727
2131,1.5093486e-05,4.472771e-06,0.067462236,0.9325182
1087,0.00050300267,0.0032993213,0.08027334,0.9159243
4144,3.6957684e-07,0.0011862952,0.020084256,0.9787291
7239,0.0764864,0.9118695,0.001619471,0.010024578
6119,1.9071192e-06,3.4771194e-05,0.053277697,0.9466857
3839,0.011578392,0.000615205,0.84195447,0.14585197
4847,0.15007864,0.83756125,0.009738617,0.002621508
553,0.2912158,0.6450475,0.009142164,0.054594513
6917,0.0004578503,0.060292758,0.11605313,0.8231963
8430,0.99863726,0.0011285187,0.00013258464,0.00010157767
6201,0.37889454,0.5928292,0.01472778,0.013548483
4062,1.1098287e-08,1.131871e-05,0.00039117367,0.9995975
5123,0.8915142,0.081304565,0.009768441,0.017412793
5442,0.93382096,0.06241598,0.0031184366,0.0006446658
610,5.7290868e-06,1.5508655e-05,0.0050371103,0.99494165
1631,0.0015299915,0.00053309667,0.17958161,0.81835526
2177,2.2770617e-05,0.0008658344,0.030612672,0.9684987
7282,0.00014769053,0.0069042887,0.51474226,0.4782058
5140,0.00048156266,0.0028184466,0.05623249,0.9404675
2980,0.6923022,0.30418456,5.393403e-05,0.0034593046
391,0.001252197,0.004595266,0.423041,0.57111156
5579,0.36073822,0.49796313,0.02725764,0.11404107
3740,1.220678e-07,9.925964e-06,0.0054733143,0.9945167
5447,0.30783567,0.6790886,0.0011159963,0.011959798
6998,0.00011254765,0.4350819,0.019525709,0.54527986
3778,0.6681022,0.26615742,0.008634645,0.057105754
3366,0.5963963,0.3984595,0.002040288,0.0031038693
3445,0.00034910167,0.03251989,0.11003866,0.8570924
1366,7.701059e-05,0.00011846895,0.16280381,0.8370007
3312,0.37555575,0.622892,0.00044350585,0.0011087277
2962,0.00040366795,0.016059536,0.10200462,0.88153213
4659,0.73137665,0.250664,0.005461978,0.012497401
6506,3.074701e-07,5.377058e-06,0.0002915518,0.99970275
4456,2.4472467e-06,1.31442985e-05,0.006474394,0.99350995
5735,0.4217336,0.57513505,0.0013666061,0.0017647811
1622,0.18789257,0.77276415,0.007775774,0.03156757
537,3.46465e-06,2.5354486e-05,0.048410803,0.9515604
1493,0.28973752,0.6959631,0.0023749194,0.011924507
47,0.44151813,0.52681285,0.006900557,0.024768494
2517,0.00021312074,0.0017995642,0.10740629,0.890581
5544,0.00017809965,4.192155e-06,0.03431533,0.9655024
9196,0.5453564,0.35062778,0.050975274,0.053040583
86,0.00024057808,0.013311482,0.531009,0.4554389
8598,0.0021789668,0.18935062,0.0092186,0.7992518
4970,0.010213456,0.6859411,0.011142212,0.29270324
4291,0.3841921,0.58671033,0.0015258397,0.027571715
3503,4.351158e-05,0.0057090865,0.10381573,0.89043164
5084,1.4028926e-06,5.9299822e-05,0.012686058,0.98725325
5453,0.0270182,0.031178815,0.20984648,0.7319565
1912,1.643287e-06,0.00022936451,0.17949502,0.820274
8833,4.0250234e-06,0.0005292575,0.12325647,0.8762102
8564,0.5483798,0.4201094,0.014100187,0.01741064
7635,0.003905876,0.0026320298,0.04106396,0.95239806
1573,0.096402645,0.2668832,0.1695642,0.46714994
8148,0.0012920046,0.00041125267,0.4891445,0.50915223
7511,0.049897693,0.87565625,0.028948855,0.045497186
5477,0.48115763,0.5089759,0.0069761155,0.0028903545
5070,0.5165742,0.25009325,0.044805977,0.18852657
4710,0.00020953288,0.0010392532,0.38904634,0.60970485
1990,0.70835215,0.20817041,0.039804626,0.043672763
9124,6.51371e-05,2.4428628e-05,0.1538415,0.846069
3574,1.681918e-06,3.5343488e-05,0.02547242,0.9744906
7919,0.029082986,0.9228805,0.010132795,0.037903737
7298,0.26868728,0.7023714,0.0022957078,0.026645616
7328,8.772534e-08,0.00033995789,0.012669659,0.9869903
5360,0.25009748,0.7253698,0.01144807,0.013084671
2899,0.67395735,0.2388227,0.02224128,0.06497872
2323,0.12867041,0.5029566,0.0025591727,0.3658138
4299,0.0008972401,0.0075064693,0.08767027,0.903926
7124,0.35937968,0.032756895,0.006215635,0.60164773
4244,0.36617565,0.6191291,0.00068678055,0.014008483
458,0.38668776,0.5620396,0.028459799,0.022812806
4406,0.00832936,0.000453482,0.3245397,0.6666775
8066,0.7288084,0.20534119,0.026041947,0.03980848
7823,0.00024797293,2.7440678e-05,0.020032205,0.97969234
6502,9.206858e-06,0.0001492453,0.023066143,0.9767754
6295,0.80346894,0.17978266,0.010450607,0.006297785
2612,9.438164e-06,0.00089599215,0.027276952,0.9718176
3540,0.9094624,0.073411085,0.015940992,0.0011855296
3569,0.005572029,0.012040697,0.05046191,0.93192536
5467,0.00020315145,0.00019248562,0.069432884,0.93017143
2100,0.039134413,0.13961354,0.18164955,0.6396025
2806,0.001490719,0.00089482084,0.101430856,0.89618355
126,0.8635439,0.133189,0.000956025,0.002311093
5114,0.38447678,0.59927666,0.0016053029,0.014641248
465,1.7896056e-05,0.00083662954,0.0051147896,0.99403065
7488,2.8268503e-05,0.00018931352,0.12700588,0.87277657
813,3.730746e-05,4.8956936e-05,0.22032931,0.7795844
6827,1.2605115e-05,0.0002430716,0.10420328,0.895541
122,0.8593707,0.119286604,0.0062780688,0.015064613
1225,0.9157757,0.08345328,5.2295247e-05,0.00071872683
1402,0.12233361,0.71981144,0.04254254,0.115312405
78,0.65420115,0.22705929,0.07737893,0.041360606
1522,0.29858616,0.69264966,0.004243841,0.0045203767
7196,1.7372045e-06,7.49321e-05,0.004736478,0.99518687
2518,0.23422267,0.76033884,0.00048180373,0.004956694
7092,0.028265316,0.05851826,0.21368515,0.6995313
2530,0.001216216,0.025813652,0.02995984,0.9430103
6166,0.6532631,0.3260968,0.0021257005,0.018514432
585,2.3232926e-05,0.0011788205,0.1265534,0.87224454
8610,0.63069475,0.33986005,0.011283269,0.018161904
174,0.20058152,0.32672358,0.29621416,0.17648073
7615,1.3777818e-05,0.000117610856,0.076427445,0.9234412
79,2.194441e-05,0.0014891684,0.11752303,0.8809658
6906,0.0012075934,0.013710482,0.50863016,0.47645178
2001,0.09375649,0.39837497,0.008528981,0.4993396
7087,0.49105752,0.47514293,0.009554895,0.024244636
8958,0.64860624,0.2947436,0.023383506,0.03326669
6110,0.85524243,0.12500481,0.0050502415,0.014702529
2803,0.2765256,0.6454411,0.07299542,0.0050378777
239,0.000420504,0.0002244635,0.14869952,0.8506555
8880,9.28736e-07,2.8262788e-05,0.00096582895,0.999005
4462,0.30162996,0.6596287,0.00092678843,0.037814535
3030,0.19494793,0.55532044,0.017575251,0.23215643
8895,2.065455e-06,1.0186824e-06,0.0011040935,0.99889284
2705,0.495682,0.47397298,0.0021597932,0.028185217
1892,0.019021569,0.024087919,0.6067708,0.35011974
8894,0.0014335741,0.00015396801,0.025259575,0.9731529
9415,0.007483992,0.0011423839,0.4131134,0.5782602
7218,0.18098286,0.8124138,0.0045940834,0.0020092442
1193,0.0024275556,0.0064712134,0.026418226,0.96468306
25,0.2134206,0.563416,0.19699308,0.026170336
3038,0.6418315,0.33445388,0.008515391,0.015199136
6365,0.012918294,0.0014363149,0.49647474,0.4891706
1730,2.1443304e-06,1.7159362e-05,0.004768418,0.9952122
7550,0.41730455,0.54152554,0.035064194,0.0061056595
5787,0.15273198,0.81534314,0.0024306097,0.02949428
7460,3.7740247e-07,9.270551e-05,0.058050603,0.94185627
6776,0.24283922,0.587838,0.06470122,0.10462154
6813,0.19661963,0.78303033,0.0018228715,0.018527182
7490,0.29143304,0.7005319,0.00595301,0.0020820713
6442,0.16185492,0.74075645,0.012266796,0.08512182
791,0.00020664294,0.00027852494,0.79394984,0.20556504
8324,0.0063970746,0.00024464595,0.061670624,0.93168765
5474,0.7855829,0.2028494,0.0011008661,0.010466814
3735,0.00015787288,0.0007784661,0.73546803,0.26359558
9256,0.24028806,0.31571537,0.31683215,0.12716442
9250,0.8006727,0.050769594,0.015564561,0.13299315
2651,0.07848222,0.87484235,0.006013073,0.04066233
351,0.8323443,0.16582751,0.00010452547,0.0017236519
8997,0.021216325,0.0003535128,0.27124602,0.70718414
3443,0.32007068,0.6638221,0.0071059098,0.009001286
8141,1.521986e-06,7.7629506e-05,0.02046834,0.9794525
2220,0.58291733,0.35828316,0.012668584,0.04613098
6467,0.32575792,0.5866865,0.002161941,0.08539364
1143,0.44211084,0.5105906,0.03543769,0.011860843
6971,0.54486465,0.37755126,0.055174757,0.022409318
5461,0.37486395,0.6142185,0.0024381108,0.008479481
7577,0.31084585,0.4900725,0.18497877,0.014102861
6727,1.346168e-05,7.491446e-06,0.015519619,0.9844594
4339,0.6109276,0.33400294,0.022051793,0.033017714
8271,0.11233678,0.8781353,0.0047159134,0.004812039
8270,0.081669964,0.023489058,0.28756014,0.6072808
2411,6.0451148e-05,0.010287757,0.011569958,0.9780818
611,1.6392406e-08,9.470776e-06,0.00012293537,0.99986756
2400,0.5642572,0.18281569,0.13873586,0.114191264
3719,0.00011504853,0.00033941746,0.049366657,0.9501789
1206,0.08389851,0.12850611,0.00474805,0.7828473
4400,0.0009608001,0.0040461808,0.39896765,0.59602535
7234,0.007336495,0.02795285,0.40484425,0.55986637
6770,0.0009680233,0.0021199158,0.04802155,0.94889057
5885,0.40649393,0.5903478,0.0010826889,0.0020755515
5464,0.7323333,0.22720397,0.037077274,0.003385414
9236,0.0113826785,0.037974156,0.09133596,0.8593072
5760,0.08639715,0.8034838,0.0039891456,0.10612991
3090,0.0005262007,0.00016026558,0.009188689,0.9901248
1728,0.0005281319,0.0018468006,0.46357083,0.5340543
182,0.020518878,0.85855126,0.004588438,0.116341434
654,0.8133698,0.17396627,0.008479213,0.0041847248
7595,0.3278481,0.66860825,0.0014884793,0.0020551684
3610,0.00082711386,0.0003274709,0.042119905,0.95672554
3833,0.0007118253,0.007880628,0.089781016,0.9016265
3570,0.26780307,0.7117574,5.7251662e-05,0.020382246
1704,0.020056076,0.0012535101,0.29278666,0.6859037
3317,0.9714935,0.027115444,0.00052013906,0.0008709361
7417,1.5060002e-06,1.8826842e-05,0.04396835,0.9560113
4307,0.00024440844,0.00012803143,0.55239004,0.44723755
3857,0.7196312,0.27405384,0.0031213164,0.0031935875
3856,0.00015865323,0.0037077258,0.02605967,0.970074
7446,0.7333823,0.25805542,0.0004695871,0.008092684
1612,0.06464324,0.45232397,0.02001244,0.4630203
5861,1.4843624e-05,0.00017511484,0.05295077,0.9468593
9341,0.77393836,0.2215287,0.0006594549,0.003873504
5502,0.7123242,0.28218254,0.00036989743,0.0051233927
8389,0.03249409,0.025387855,0.28714472,0.6549733
3086,4.5064988e-07,0.00010659902,0.032677807,0.9672152
9269,9.174844e-06,0.0006156752,0.0012924386,0.99808276
1607,0.00012144588,0.00014742454,0.28526238,0.7144688
6806,0.2191467,0.75131786,0.0074042524,0.022131227
456,0.0005526474,0.0016180255,0.973104,0.024725277
546,3.7723246e-05,0.005396522,0.18281724,0.8117485
6962,3.3578137e-05,0.003345988,0.0063892435,0.9902312
342,0.00011336259,0.0003538791,0.61609674,0.38343602
883,0.67154855,0.2652202,0.03278536,0.03044587
8918,0.00077705586,0.0027637756,0.087997906,0.9084613
1659,0.122267425,0.33528876,0.50548345,0.036960345
704,0.36231294,0.54239404,0.022407847,0.072885156
769,0.00031390326,0.0001344167,0.07780575,0.92174596
2682,0.0011473203,0.033423826,0.11679261,0.84863627
7969,0.1636686,0.081256784,0.21103956,0.544035
8886,0.0015043895,0.01903266,0.13056947,0.84889346
5759,1.5412321e-06,0.0015389506,0.1594264,0.83903307
7479,0.04344447,0.518243,0.20890006,0.22941242
1340,0.00998139,0.0029051215,0.11257251,0.8745409
8558,0.090314604,0.8931542,0.012891912,0.0036392794
7177,0.7830816,0.16692702,0.023807282,0.026184134
8276,0.03951936,0.008327513,0.19033836,0.76181483
6460,0.0536557,0.86806464,0.0016990709,0.07658054
3250,0.1749717,0.776618,0.01846746,0.029942889
5035,0.10993011,0.020507349,0.013340691,0.8562219
8878,1.0839939e-06,0.0010575765,0.003976167,0.99496514
1953,0.06326136,0.8829571,0.0112635065,0.042518064
5028,0.5030859,0.44078287,0.0052249483,0.050906315
3466,2.446884e-06,5.4197033e-05,0.19272546,0.80721784
9084,0.0015495151,0.0025012165,0.41495997,0.5809893
7337,3.8244566e-06,9.048674e-05,0.07684802,0.9230577
3035,0.032964192,0.0034959198,0.37959045,0.58394945
5968,0.5727918,0.2069199,0.20964473,0.010643512
775,0.051023252,0.066415876,0.14855061,0.7340103
3659,0.07531243,0.78547245,0.029745609,0.109469526
5893,0.5923201,0.39827237,0.00083354086,0.008573999
5454,0.08795846,0.9105629,0.0003311071,0.0011475382
1096,0.45477262,0.53914756,0.0034205327,0.002659243
8692,0.14981928,0.8435348,0.0018414523,0.004804433
660,0.00023984593,0.000347145,0.23477456,0.7646384
3078,0.0009827489,0.0011703501,0.0013534157,0.9964935
2337,6.3414445e-05,0.0022142334,0.88845044,0.10927189
4634,0.00042786606,0.029014869,0.0080044605,0.9625528
3835,0.005652624,0.0015289924,0.42478392,0.5680344
1121,0.20604016,0.77579325,0.00046688234,0.017699718
1559,0.00031831226,0.010578073,0.10238682,0.88671684
4072,0.1859878,0.63492584,0.046733234,0.1323531
3291,0.001448937,0.012799787,0.075978465,0.90977275
3194,0.00019143768,0.0049512303,0.14239061,0.8524667
5745,0.00044558605,0.000838296,0.31003022,0.6886859
6186,0.39467433,0.5585409,0.01552372,0.031261075
9010,5.48455e-06,0.00020196786,0.042584106,0.9572084
9455,0.00037549323,0.0014669592,0.07735903,0.92079854
8334,0.00069905556,6.1704995e-05,0.039229102,0.9600102
4766,0.7860669,0.20128168,0.0026845848,0.009966883
6988,0.12622352,0.68029374,0.061605606,0.13187711
2120,7.6337405e-05,0.00042479797,0.07334631,0.9261525
5268,0.0034995854,0.0021464257,0.046140224,0.94821376
5343,0.7296756,0.25825757,0.008302212,0.0037646599
5256,0.25517994,0.7372666,0.0028596756,0.0046938565
7247,0.68898225,0.18296032,0.008669351,0.11938811
4380,3.3383094e-05,0.00027588743,0.013076832,0.9866139
8474,0.2138271,0.35407546,0.0073025986,0.4247948
2754,0.15772709,0.8111445,0.013911212,0.017217236
1710,5.7919813e-05,0.0003997321,0.3268541,0.67268825
6164,0.051772323,0.9452402,0.001081228,0.0019062071
863,0.15666392,0.43143135,0.35916555,0.05273922
7359,0.11700964,0.8755965,0.0024139213,0.0049799383
1227,0.00055218086,0.41594237,0.07411037,0.5093951
724,0.001240311,0.008339065,0.055149883,0.9352707
635,6.105792e-06,0.00046688202,0.10662616,0.8929009
1923,0.16257711,0.8259304,0.00093256775,0.0105599025
7325,0.8556793,0.13224353,0.009577022,0.0025002281
6746,0.76737744,0.22089416,0.004600472,0.007127882
3256,0.044103608,0.9446887,0.0010104093,0.010197331
979,0.0032703623,0.002660925,0.37191454,0.6221542
975,2.1191952e-06,3.6256057e-05,0.014335994,0.98562557
7152,0.009790908,0.0019174292,0.5985496,0.38974208
4709,0.065750845,0.92679197,0.00096956536,0.0064876596
1173,0.65656185,0.3336112,0.0045221765,0.005304768
3249,3.2891126e-05,6.6311055e-05,0.017256958,0.9826438
6529,0.77117187,0.14415307,0.007038575,0.07763642
2368,0.5983156,0.30649698,0.075950384,0.019237041
5073,0.40685472,0.5802574,0.0039676093,0.008920287
3567,0.054047875,0.8589463,0.016771898,0.070233956
7622,0.09208615,0.30390957,0.080728166,0.5232761
5340,0.0023455897,0.036781885,0.7428175,0.21805502
6223,0.0076341964,0.20695491,0.01942197,0.7659889
8204,0.046788134,0.058315232,0.061193414,0.83370316
9153,0.16081516,0.8227325,0.001706988,0.0147453025
7076,0.12874839,0.8597984,0.0021912784,0.009261999
2676,0.5758802,0.3468163,0.004778902,0.0725245
8202,0.4968051,0.4907051,0.009920829,0.0025690128
6224,0.008803829,0.14657108,0.093250364,0.7513747
3603,0.00013013669,0.00012276148,0.016830489,0.98291653
2674,0.15567954,0.8429459,0.0006960799,0.00067853276
1641,0.08370645,0.24055468,0.48708716,0.18865176
7256,0.28123042,0.64859027,0.043838285,0.026340982
1545,0.8838324,0.097742565,0.012871525,0.005553466
3828,0.0029931956,0.040262707,0.15702255,0.79972154
4865,5.663033e-07,1.0188537e-05,0.0020488205,0.99794036
5326,0.0009262177,0.00034410914,0.6380775,0.36065212
936,0.5544834,0.09020254,0.057156432,0.29815763
204,0.82104236,0.15854923,0.008522087,0.011886269
7470,5.5528085e-07,0.000118197655,0.18278171,0.8170996
315,0.0025655709,0.018780023,0.0022636894,0.9763907
196,5.7368346e-05,0.037995394,0.056561142,0.90538615
1005,0.18728597,0.73804027,0.019759074,0.054914653
2186,7.1353116e-07,0.00045268872,0.19778597,0.8017606
2850,0.000907077,0.008991692,0.08007944,0.9100218
7105,0.5668508,0.41446856,0.001236317,0.017444378
529,0.47431377,0.49376512,0.008682366,0.023238754
3408,0.27247873,0.7133828,0.00203868,0.0120998435
2567,9.284121e-06,0.0002142794,0.01324527,0.9865312
603,0.41810843,0.57442015,0.0003280048,0.0071433866
2885,0.086253375,0.89446163,0.0006054677,0.018679567
2461,0.008564389,0.0058798054,0.09436213,0.8911936
3971,0.20192558,0.7210262,0.013728072,0.06332023
2281,3.9866745e-06,0.0005765089,0.025180971,0.9742386
9342,0.80740315,0.17803317,0.013006113,0.0015575507
5207,0.17100777,0.08182992,0.09599081,0.6511715
3051,3.9250146e-05,6.322899e-05,0.0206867,0.9792108
8175,0.5828227,0.20169748,0.06152471,0.15395506
6302,3.107245e-05,0.00459671,0.00028534044,0.99508685
5603,0.70754284,0.24687706,0.028827948,0.016752146
8713,5.4707147e-05,0.007015325,0.014268838,0.9786612
1367,0.038478173,0.86694,0.0015087997,0.093072996
2548,0.26250404,0.37700987,0.09336029,0.26712584
2460,0.00023754928,0.0009594871,0.014861004,0.983942
6697,0.1836978,0.5917143,0.033846483,0.19074139
5944,0.0077396585,0.4057551,0.042856127,0.5436491
6576,0.0011081169,0.011258635,0.026925687,0.96070755
913,3.538027e-05,4.302546e-05,0.1651557,0.8347659
8905,4.175228e-05,0.0029230719,0.06795728,0.92907786
658,0.00017093866,1.4643156e-05,0.0029908384,0.99682355
3499,0.6822185,0.2276764,0.06132834,0.028776718
703,0.6471257,0.30337435,0.021011565,0.02848836
7734,0.00021424658,0.0004156849,0.06705469,0.93231535
2119,0.0014850639,0.0011848309,0.9696633,0.027666809
6180,0.0010633793,0.012028077,0.34020776,0.6467008
7573,0.00086527626,0.048451837,0.005568179,0.9451147
5262,0.0445635,0.92502266,0.005043531,0.025370292
7579,3.4122797e-05,0.0001150291,0.003146587,0.9967043
4181,0.00033333342,0.001592049,0.050168492,0.94790614
520,0.24122493,0.2207191,0.38542926,0.15262668
9441,0.08800196,0.014234664,0.33591875,0.56184465
2804,0.18318008,0.6778324,0.047625564,0.09136193
7454,0.2758325,0.5517937,0.060801536,0.11157229
2760,0.67271316,0.3196942,0.007113026,0.00047962723
7180,0.16604206,0.76508045,0.03201791,0.036859635
5004,0.123806834,0.8736038,0.00016875952,0.0024205025
2590,0.5251842,0.45864075,9.6074495e-05,0.016078953
935,0.21445179,0.76795006,0.00944537,0.008152818
4941,1.7119108e-05,0.0003967088,0.4472022,0.552384
2879,0.34850895,0.44606137,0.18826109,0.017168585
123,0.3755033,0.42540014,0.009487102,0.18960941
6393,0.27138224,0.2531669,0.17512153,0.30032933
1297,1.9710518e-05,0.00034202036,0.21744472,0.78219354
250,0.5590928,0.43141776,0.0065480177,0.0029413986
1134,0.00022005381,0.00028442286,0.10156465,0.8979309
8565,0.0007704827,0.0025398836,0.049633738,0.9470559
7783,0.04992043,0.0016426765,0.043609202,0.9048277
387,0.27204803,0.60731906,0.04100737,0.07962552
5801,0.0061955084,0.25580958,0.056998596,0.6809963
705,0.16658714,0.8260517,0.0029476723,0.004413464
1621,0.060672473,0.80865395,0.012770509,0.11790309
6762,0.010648616,0.11256234,0.4225388,0.45425028
487,0.24956764,0.6159006,0.027755506,0.106776275
353,0.62913924,0.332298,0.01467651,0.02388623
749,0.25763217,0.68661743,0.027393768,0.028356632
8127,0.057584606,0.016105428,0.06670717,0.85960275
330,0.00020335133,0.00033228722,0.77718085,0.22228351
4193,0.58401805,0.3487876,0.0022182937,0.06497604
4545,0.054771297,0.15448296,0.0012793759,0.78946644
7782,0.77140605,0.17648567,0.009369495,0.04273877
1593,2.6724074e-05,5.9726706e-05,0.0076960307,0.99221754
3378,0.30317968,0.68249315,0.011206776,0.0031203795
5182,0.72356296,0.2673017,0.0018823494,0.0072529907
7525,0.00041480875,0.0030504907,0.48688257,0.5096521
2173,0.34669238,0.5457837,0.041698076,0.06582583
6156,7.0447066e-07,0.0001473627,0.008418098,0.99143386
6568,0.00045640144,0.00019252453,0.03698117,0.9623699
7942,0.006406527,0.0009464021,0.15397526,0.83867186
6653,0.4018306,0.56204426,0.028951459,0.007173678
3117,0.29533923,0.6912117,0.0012240737,0.012225006
4755,0.37918448,0.45897546,0.006403241,0.1554368
7571,0.025977919,0.48544767,0.0024313538,0.48614302
1620,0.72311413,0.20861383,0.026320525,0.041951474
4096,5.779336e-05,2.1553973e-05,0.060326774,0.9395939
4004,0.00040078876,0.0019441978,0.015428798,0.98222625
9018,0.002336852,0.021725697,0.52682924,0.4491082
1057,0.59408253,0.05981615,0.020216992,0.32588434
6558,0.6452645,0.33866292,0.004911737,0.011160835
3866,0.0005617393,0.004317333,0.0050887163,0.9900322
941,9.3427474e-07,6.357292e-06,0.026456362,0.9735363
2694,0.0029329883,0.03882256,0.520053,0.4381914
4873,0.17690846,0.6632352,0.021661283,0.13819505
2251,0.00044894748,0.0055560595,0.16919746,0.8247976
4855,0.015231319,4.44562e-05,0.44111845,0.5436058
5415,0.16550326,0.8184878,0.0037071866,0.012301747
7144,0.3973947,0.52525115,0.031512514,0.045841668
3176,0.6406163,0.3232405,0.024128594,0.012014602
4987,0.0006224877,8.3451436e-05,0.44419652,0.5550975
3278,0.9731844,0.0057831635,0.00073753117,0.02029489
4133,0.00040659233,0.00014364674,0.028277557,0.9711722
8959,9.544463e-07,0.000102215665,0.37205264,0.6278442
3097,0.9658861,0.030148814,0.00088265096,0.0030824472
3617,6.7831314e-09,7.829942e-06,0.018584091,0.98140806
6649,0.0001567177,0.00022073228,0.008552662,0.9910699
4791,0.061377432,0.27893016,0.032873705,0.6268187
8212,0.25148055,0.74557644,0.00080400927,0.0021389886
7968,0.034169618,0.014396057,0.30194563,0.6494887
5631,0.0019916098,0.0006260934,0.7227683,0.27461404
5202,8.147113e-06,0.0030275392,0.06461745,0.9323468
7207,0.47091064,0.49973312,0.008425082,0.020931203
890,1.3159059e-06,5.124507e-05,0.015421011,0.9845264
3779,0.034042574,0.007683397,0.17637645,0.7818976
3024,0.19771436,0.7951226,0.003347171,0.0038158167
3669,0.00049212977,0.23936386,0.11385798,0.646286
5223,0.012907485,0.018302653,0.39128116,0.5775087
7275,0.006991309,0.048159465,0.54355896,0.40129033
7459,9.462106e-06,2.7010306e-05,0.065899074,0.9340645
3547,0.2791833,0.6901781,0.01230203,0.01833656
888,0.080406174,0.85704815,0.009678997,0.052866705
207,0.8985896,0.08025844,0.01826311,0.0028888653
5413,0.54365957,0.11806738,0.25919262,0.079080425
5833,0.00023867392,0.0010220553,0.010682835,0.9880564
9221,0.35108963,0.64676976,0.00052082504,0.0016197858
2151,2.5775948e-05,0.00018771502,0.18542193,0.81436455
7096,0.22324935,0.7572454,0.0035318788,0.015973374
2948,4.7003114e-06,0.00013759859,0.070402585,0.92945516
3583,0.0009514956,0.00074810133,0.13170788,0.8665925
2056,0.008440961,0.011676721,0.15236504,0.8275173
3560,0.4131621,0.54276836,0.006840325,0.037229177
6876,0.3039294,0.6921166,0.00041652564,0.0035374542
6440,0.0006730947,0.009482549,0.39753675,0.5923076
6350,0.0022076294,0.0012398132,0.053414013,0.94313854
4829,0.35179418,0.621746,0.0028588083,0.023600977
9192,0.113862924,0.7782866,0.0029552458,0.10489519
4290,0.028820412,0.78340286,0.014652811,0.17312391
8320,0.0026550025,0.00062779867,0.40016285,0.5965544
9150,0.7482617,0.15460299,0.06652705,0.030608252
3777,0.48310092,0.49863884,0.004288147,0.013972106
7103,0.0032130147,0.0007118527,0.0073774736,0.98869765
4412,0.057644814,0.8709314,0.052537892,0.018885916
4712,0.0016694001,0.011012978,0.107102394,0.8802152
7478,0.103409134,0.0028453274,0.07103527,0.8227103
6433,0.7093506,0.28903598,0.00012261739,0.0014907892
8984,0.00073981954,0.10916214,0.02070833,0.86938965
3870,0.00019227952,0.0006791189,0.44343945,0.55568916
4428,0.8447765,0.14931092,0.0003680966,0.0055444976
1053,4.3606387e-06,0.00025016555,0.051689893,0.94805557
6242,7.586156e-06,0.0021522506,0.042578317,0.9552618
3138,0.8402331,0.10684649,0.027952265,0.024968175
6142,0.00025445333,0.0131092705,0.14354116,0.8430952
3295,0.4426515,0.4112074,0.12327226,0.022868842
4795,0.03998719,0.9583685,0.00016587159,0.0014784425
8020,0.42183104,0.5740214,0.0011116593,0.0030358895
1837,0.70916903,0.27856743,0.0074850796,0.0047784164
3776,8.029613e-06,0.00068988575,0.018999137,0.98030293
5080,3.1924524e-06,0.0010088561,0.00066683866,0.9983211
33,0.86949193,0.12947817,0.0006369737,0.00039288105
6251,0.05781172,0.017790291,0.18001257,0.7443854
514,5.9294725e-05,0.0004328681,0.020638814,0.978869
5667,0.011757983,0.28299394,0.032716025,0.6725321
5039,0.7048952,0.27797863,0.0047847778,0.012341388
3412,0.6193699,0.3585003,0.00975799,0.012371807
3752,4.4600285e-05,2.746206e-05,0.16162038,0.8383076
7330,0.08248108,0.89584535,0.0072757914,0.014397833
1777,0.44423664,0.036062367,0.037913576,0.48178747
388,0.57585603,0.36329666,0.015504673,0.0453426
8193,3.4253432e-08,2.931222e-07,0.00017442499,0.9998253
7304,0.0008595253,0.0002784737,0.022059716,0.9768023
7745,0.036623046,0.00925509,0.047506034,0.90661585
4280,0.4138608,0.5812892,0.0021801796,0.0026698671
9283,2.0857142e-05,0.00021278829,0.013500672,0.9862657
8361,0.09483182,0.84327066,0.015717471,0.046180062
3861,2.9327032e-06,7.980456e-06,0.012212451,0.98777664
3240,0.57136565,0.42052513,0.0017145808,0.00639466
4033,7.8820456e-05,5.7305544e-05,0.29946104,0.70040286
8380,6.866634e-05,0.0007586572,0.0762165,0.9229561
4344,0.00023830544,0.013195276,0.124994405,0.861572
8015,1.0497523e-05,0.00015955047,0.4323689,0.5674611
1083,0.80102485,0.19629888,0.0005332671,0.0021430107
5272,0.03199778,0.15415107,0.058354996,0.7554961
8559,0.039001077,0.95118177,0.0004774764,0.009339734
7486,0.6102638,0.37413523,0.0077997744,0.0078011514
3382,0.027959904,0.007039555,0.16594002,0.79906046
2671,0.9136942,0.08575336,0.00028990765,0.0002625792
8772,4.854479e-06,4.2633234e-05,0.027089814,0.9728627
2622,0.06323425,0.92927766,0.0038098178,0.0036783237
7686,2.4226973e-05,0.0056469194,0.08911361,0.90521526
6739,2.471629e-06,7.432742e-05,0.038222574,0.9617007
4558,0.17429975,0.71861786,0.027939348,0.07914305
1639,0.67052996,0.2644832,0.0014729552,0.0635139
8252,0.00031865647,0.00070204417,0.7853811,0.21359822
2752,0.00012874191,0.017468063,0.029299766,0.9531034
5803,0.8405627,0.14628388,0.0010851779,0.012068289
6597,0.3632799,0.60958225,0.0018191787,0.025318677
6854,2.4234589e-05,0.0024178517,0.09541794,0.90213996
1237,0.9670055,0.03215923,0.00018251874,0.0006527825
4761,4.8783466e-05,0.008290896,0.79758406,0.19407627
7909,1.7929343e-06,0.001699456,0.04607294,0.95222586
6880,0.5267296,0.40939447,0.011502662,0.052373283
9072,0.060515866,0.2086562,0.008663249,0.7221647
2163,0.0018932713,0.029369006,0.11520289,0.8535349
4883,0.0011985198,0.011218335,0.046211533,0.9413717
3813,0.18162431,0.7538907,0.002725476,0.061759498
6320,7.3186755e-05,6.821821e-05,0.20104703,0.79881155
4691,0.07912033,0.3789431,0.28155926,0.2603773
8368,0.7445412,0.24988037,0.0024747914,0.00310365
6570,0.18573388,0.78056586,0.007862592,0.025837675
1127,2.446053e-05,0.00024129388,0.12220946,0.8775248
4491,0.004732936,0.04827118,0.010289978,0.9367059
2110,0.71899605,0.27935106,0.001619188,3.3758202e-05
9119,0.00011627962,0.0005364584,0.022534247,0.97681296
2970,0.00042346228,0.0012406692,0.078269705,0.9200661
6487,4.0634615e-05,0.00015292683,0.044978928,0.95482755
8805,1.934429e-06,1.6972765e-05,0.55725276,0.44272837
4153,0.046616226,0.7818616,0.10302356,0.0684986
6621,0.00019900604,0.0007634737,0.011939401,0.98709816
6026,8.311774e-05,0.0073943725,0.18726717,0.8052553
4546,3.788916e-05,0.00037882134,0.44496012,0.5546232
2169,0.0024500296,0.008511386,0.44548738,0.5435512
7445,0.33917946,0.23025593,0.005977982,0.42458662
7731,3.5283979e-06,3.9296578e-05,0.004987697,0.99496955
5741,0.0006847218,0.00023358254,0.61131555,0.38776618
6265,0.15416794,0.53400534,0.066444986,0.24538173
1221,0.10803597,0.88039726,0.003556748,0.0080100475
3037,8.617936e-05,0.0009909497,0.56476,0.43416286
5996,0.00016145548,0.005748463,0.2045134,0.7895767
4160,0.004792156,0.05104936,0.31999403,0.62416446
6136,0.11790714,0.85503864,0.0086343195,0.018419916
3463,0.00019004275,0.003009693,0.008120106,0.9886801
5644,0.19767122,0.78669816,0.0074203773,0.0082102055
8044,1.181568e-06,2.1198648e-06,0.0008668383,0.99912983
7721,0.6397899,0.35011327,0.0044431123,0.0056537767
6484,0.00013398059,0.0007472374,0.08977763,0.9093411
3320,0.1865905,0.79881966,0.0001845844,0.014405271
1771,0.24510716,0.7371739,0.005396428,0.012322514
6804,0.23975798,0.7319916,0.002036835,0.02621365
6754,0.018734857,0.03028544,0.594858,0.35612166
8341,2.75422e-05,0.004656898,0.05780163,0.9375139
1379,0.87666285,0.10083442,0.005137693,0.017365038
820,0.4353515,0.5548133,0.0048042824,0.0050308537
4003,0.0003820465,0.0839492,0.18950482,0.7261639
7362,5.874092e-08,7.828154e-06,0.0019355866,0.9980565
823,1.8822778e-06,3.4986002e-05,0.011191736,0.9887714
7332,0.00083019095,0.0006542596,0.28564852,0.712867
3215,5.827063e-06,3.0086658e-06,0.02836824,0.971623
3476,0.31139407,0.6637454,0.013960627,0.010899929
2079,0.59465915,0.38400277,0.0042945375,0.01704353
847,0.4366637,0.38640302,0.0053655333,0.17156771
380,0.015499978,0.97979,0.000779703,0.0039303564
5738,0.00030264686,0.0034886636,0.039148163,0.9570606
159,0.39318752,0.600581,0.004299104,0.0019324367
4666,0.021827038,0.020463688,0.17246617,0.7852431
685,0.14726076,0.83657247,0.0010996782,0.015067081
639,0.13000342,0.681107,0.019444706,0.16944492
5410,0.00013869756,0.001459598,0.029972108,0.9684296
7917,0.8688573,0.10653965,0.018150488,0.006452496
3584,0.54470146,0.42340896,0.008650382,0.023239164
3068,0.47071087,0.504172,0.007836374,0.017280765
3689,0.24586764,0.19068684,0.45713434,0.10631114
6319,5.27541e-05,0.00089392415,0.009350376,0.9897029
3401,0.0013534367,4.2438718e-05,0.8175638,0.18104035
4061,1.171085e-05,4.5234534e-05,0.0038616539,0.9960814
3585,0.0011880873,0.002613726,0.046871953,0.9493262
7611,0.0065263724,0.02751396,0.32769004,0.6382696
4152,0.08158521,0.63040817,0.06139864,0.22660798
3221,0.31560743,0.59352654,0.007265308,0.083600745
2275,0.122096136,0.71591216,0.020467954,0.14152372
5794,0.01028817,0.033830732,0.108365096,0.847516
6755,0.003750395,0.00025148614,0.6511333,0.34486482
4231,0.008144095,0.019685572,0.23493241,0.73723793
7487,0.00051333074,0.05263157,0.33326995,0.6135852
8406,0.46717614,0.4446487,0.012728117,0.075447
8744,0.009311187,0.029464157,0.051650953,0.9095737
4053,0.27746782,0.23791069,0.23178807,0.2528334
4882,0.0002570943,3.702643e-05,0.10147713,0.89822876
6707,0.894862,0.099428035,0.00160606,0.0041039176
849,0.31846848,0.67495453,0.0041159433,0.0024610327
4137,0.24629796,0.69052076,0.039985653,0.023195578
1257,0.31609663,0.68120646,0.0021542753,0.0005426156
7678,1.2931709e-05,1.0168801e-06,0.034337524,0.96564853
7834,2.5300858e-06,0.0035106053,0.06936389,0.927123
1082,0.26115453,0.73585325,0.002026304,0.00096588314
1499,0.0015048328,0.00019422652,0.13060087,0.8677001
9015,2.5045467e-06,8.222786e-05,0.27620852,0.7237068
7078,0.012622653,0.062090643,0.61332834,0.3119584
5931,1.4727445e-06,7.7881705e-05,0.08500764,0.91491306
7462,0.38575187,0.60029024,0.00073160167,0.013226317
2786,0.024157114,0.8920995,0.003298405,0.08044496
582,0.00032311762,0.0020531842,0.0038795883,0.9937441
1928,0.33687782,0.6585684,0.0026350433,0.0019187595
2922,8.429956e-07,0.00067544763,0.147187,0.85213673
189,3.6480842e-06,8.3172545e-06,0.0022233624,0.9977647
4187,0.45738426,0.51557237,0.007605893,0.019437447
265,0.70478016,0.2245229,0.03465936,0.03603755
1876,0.169136,0.8072647,0.00586491,0.0177344
5263,0.0020392924,0.005962162,0.1919315,0.80006707
2418,0.004827165,0.0012322912,0.35675412,0.63718647
592,0.00021597747,0.00096573465,0.008025559,0.9907927
472,0.0028809872,0.00047429965,0.08468521,0.91195947
9,0.47707608,0.51075965,0.000964758,0.011199487
2431,9.920197e-05,0.020864556,0.027989697,0.9510465
4114,0.0021277142,0.0010868306,0.74323124,0.2535542
7708,0.44021505,0.5498927,0.0019453954,0.00794682
83,1.8765717e-05,0.00013699739,0.0048943195,0.99494994
6456,0.14986868,0.60068977,0.1685776,0.08086397
1170,0.08964444,0.90688753,0.0031416214,0.00032643278
5852,0.32535255,0.65257025,0.009441908,0.012635285
1957,6.110011e-07,2.006093e-06,0.10050297,0.89949447
3918,0.48361948,0.4703451,0.010994481,0.03504098
349,0.10796399,0.8826609,0.0051746117,0.004200461
7729,0.00045320552,1.6286662e-05,0.010109963,0.98942053
2727,0.00013383132,0.00011643101,0.26991493,0.72983485
3237,0.59916764,0.36710188,0.010262664,0.023467803
8715,1.1660485e-05,0.00013976812,0.0018058546,0.9980427
4854,0.15832989,0.7821028,0.031822134,0.027745191
649,0.36479694,0.45357794,0.0027364278,0.1788887
1761,1.0109344e-07,1.2460264e-05,0.00020953892,0.99977785
1563,2.6842694e-05,0.00014661156,0.056485187,0.9433413
7307,0.5731521,0.41710466,0.0035229812,0.006220211
345,0.0012366727,0.054454032,0.18491775,0.75939155
733,9.796549e-06,4.601846e-05,0.08210589,0.91783834
7860,0.0010006321,0.0042473823,0.19170511,0.80304694
653,0.0011102858,0.08323357,0.015955208,0.89970094
143,7.1645096e-05,0.003624378,0.07874056,0.91756344
346,0.22974698,0.7561483,0.0016142442,0.012490447
2684,0.8248336,0.13055919,0.009001157,0.035606075
1535,2.053487e-05,5.314158e-05,0.057254355,0.942672
7164,0.036080353,0.0060122116,0.07117455,0.8867328
593,0.18142954,0.59777266,0.034099568,0.18669826
699,0.0015548622,0.002147583,0.70921224,0.28708532
1272,0.00041441162,0.00040868286,0.05431258,0.9448644
4695,0.041881185,0.86601543,0.02448607,0.0676173
40,0.5848882,0.37091064,0.014322771,0.029878331
139,3.6087207e-05,0.0431832,0.020567533,0.9362132
66,0.34866524,0.6487547,0.0020805704,0.0004995186
9279,0.21709265,0.7617524,0.001289926,0.019865
6215,0.000104414845,0.000104937746,0.41947183,0.5803188
2886,0.16956809,0.19260235,0.37429532,0.26353428
5628,5.776438e-05,0.00030921274,0.0036751784,0.9959578
602,0.00045408306,5.0677936e-05,0.17149682,0.8279984
7299,0.0057593393,0.020317046,0.81774795,0.15617567
7115,0.0019916324,0.06617061,0.16912602,0.76271176
6787,0.28375646,0.6915393,0.0034979791,0.021206252
4269,6.86804e-06,0.003379941,0.086112395,0.9105008
2221,0.001034979,0.0040126876,0.023461672,0.9714906
7167,0.011507418,0.14013256,0.035467524,0.81289244
9193,0.6237137,0.2710588,0.04695707,0.058270473
5404,4.0274852e-08,3.4116427e-05,0.009480274,0.9904856
6936,0.28708386,0.10406844,0.3233888,0.2854589
7461,0.032562163,0.22484015,0.16859902,0.5739987
1548,0.07004556,0.06074256,0.32869944,0.54051244
227,0.52719265,0.459693,0.004093394,0.009020953
7296,0.10872652,0.85672766,0.001953472,0.03259233
94,0.17157891,0.70395684,0.026903221,0.09756101
23,0.42414355,0.56909823,0.0022532183,0.004505021
6284,0.11019306,0.8228384,0.004605058,0.06236347
971,0.46696225,0.44069076,0.028797764,0.063549235
974,0.00045044406,0.003335648,0.17767593,0.81853795
4058,8.797081e-06,0.00025065584,0.016865438,0.9828751
695,0.4255789,0.5591792,0.0033681982,0.0118737295
8511,0.000671013,0.00012591775,0.8971191,0.10208396
9226,1.3503525e-08,1.355013e-05,0.003481729,0.9965048
1989,0.4222492,0.44993526,0.016095875,0.11171966
5530,0.002177528,0.002255822,0.03207003,0.9634966
2955,0.23017713,0.018371435,0.6245466,0.12690488
408,9.3213646e-05,6.384544e-06,0.27002048,0.72987986
7643,0.0026655593,0.1813877,0.012732908,0.80321383
1148,0.00027770907,0.34970963,0.4944269,0.15558578
1056,0.6741863,0.31657782,0.0010072878,0.008228608
168,0.17610012,0.3885662,0.41180885,0.023524825
6202,0.00041438447,0.00019842322,0.19723894,0.8021482
410,2.000509e-08,1.1105928e-06,7.272313e-05,0.9999261
240,0.0018569662,0.0022192474,0.14026526,0.8556586
2492,1.3595546e-05,0.00019693116,0.60457027,0.39521924
5441,0.000122014324,0.0021230096,0.15324618,0.84450877
479,9.1817295e-05,0.0044710366,0.013976327,0.98146075
5731,2.091722e-06,0.00018609114,0.0005178995,0.9992939
7266,7.05774e-06,9.250737e-06,0.00081338163,0.9991703
533,0.2597999,0.7262475,0.0034425843,0.010510065
3313,0.0011208878,0.010330408,0.041652847,0.94689584
2434,2.4098617e-07,4.5779576e-05,0.0018328804,0.9981211
4846,0.9011081,0.03176067,0.0040215235,0.06310975
444,1.3753376e-05,0.00018326331,0.03222742,0.96757555
1523,0.109873,0.7939126,0.01906156,0.07715284
454,0.54153776,0.35674432,0.009429358,0.09228856
6546,2.0179582e-06,0.0004370407,0.009773842,0.9897871
384,8.955972e-07,8.767142e-05,0.0010175131,0.9988939
355,0.14605252,0.17211284,0.5362433,0.14559127
4093,4.1190797e-05,0.00012981109,0.064168446,0.9356606
2626,0.14329672,0.4514756,0.036944777,0.3682829
140,6.33833e-05,0.0029497638,0.3248838,0.6721031
6572,0.009147194,0.048095644,0.22562699,0.7171302
152,0.30340075,0.67497605,0.014356697,0.0072664754
469,2.6758662e-05,0.00023196872,0.04502044,0.95472085
5621,0.8942372,0.093071975,0.0011494509,0.011541336
662,0.6162183,0.37478885,0.0012522226,0.0077405833
3260,2.891048e-07,0.00027426676,0.018362746,0.9813627
803,3.7102247e-06,3.0075256e-05,0.0029435777,0.99702257
5203,0.4082912,0.56247705,0.02630944,0.0029222947
6538,0.00017028257,0.003425649,0.0048618224,0.9915422
8048,5.89225e-07,1.5395977e-06,0.0015854529,0.9984124
7772,0.00016154285,0.002152227,0.066085525,0.93160075
300,4.2560955e-06,5.7744808e-05,0.01707808,0.9828599
1101,0.16588266,0.30931294,0.0054348307,0.51936954
7058,0.043985873,0.94372666,0.0005804201,0.011707014
1013,0.15891442,0.59279346,0.019997004,0.2282951
6289,1.0327994e-06,9.797346e-05,0.00086950377,0.99903154
6426,1.4788548e-05,0.00033916454,0.15163113,0.84801495
5756,3.608124e-05,2.3777172e-06,0.07667189,0.92328966
3938,0.011240617,0.059709307,0.31615505,0.612895
6902,0.3427529,0.5908543,0.007074274,0.059318494
2071,0.26224816,0.7126506,0.0024259852,0.022675266
5641,0.46240932,0.53398716,0.0023989293,0.0012045688
5507,0.5383111,0.4581444,5.9594124e-05,0.003484894
4100,4.2600474e-05,0.00014992178,0.08180479,0.9180027
5618,0.8852395,0.02684308,0.027755162,0.060162246
6144,0.0011202659,0.0042228885,0.009584042,0.9850728
2404,0.16315381,0.7910055,0.030852307,0.014988395
7472,0.029292796,0.700193,0.0061472766,0.26436692
7865,1.8158873e-06,0.00024131578,0.013635122,0.9861217
2170,0.0033623239,0.0001037398,0.7998683,0.19666567
3852,0.13558182,0.83069474,0.0005380302,0.033185367
780,1.0170904e-06,0.000673527,0.033207428,0.96611804
441,0.042278863,0.00055387104,0.30124092,0.65592635
534,0.0005188881,0.00016514979,0.58828497,0.411031
5613,0.39895588,0.5547027,0.004893978,0.041447453
6955,0.0032603603,0.008792887,0.06471295,0.92323375
2774,6.765427e-07,0.00015179666,0.024567982,0.97527957
9306,3.600843e-05,1.1901348e-05,0.032135963,0.9678161
3982,4.944891e-06,1.5473734e-05,0.03215877,0.96782076
6323,0.0770992,0.012070782,0.16273198,0.748098
1157,0.25018415,0.59353596,0.03797641,0.118303485
6720,0.001229402,8.0608734e-05,0.18230687,0.81638306
2569,0.28082603,0.44487715,0.15168466,0.122612126
9224,0.13327709,0.84568673,0.0013964874,0.019639632
7186,0.04304894,0.9502636,0.0015897878,0.00509768
244,0.17890203,0.7408211,0.01588783,0.06438901
948,3.3563818e-05,1.6281903e-05,0.021919997,0.9780302
5225,4.0847676e-06,5.1402458e-05,0.18080638,0.8191381
3410,0.008458693,0.0154155195,0.11688146,0.8592443
6718,2.8670573e-07,0.00087201904,0.41153023,0.5875975
4345,0.19360983,0.78329283,0.010255618,0.0128417015
3565,0.48320612,0.4786616,0.022566823,0.015565441
5656,1.1576132e-05,0.00019954941,0.0071880077,0.99260086
4208,0.29112178,0.662994,0.027705617,0.018178565
8209,0.50020826,0.48552838,0.011258758,0.0030045842
676,6.132735e-05,4.4747754e-05,0.009544225,0.99034977
7873,0.012559858,0.011156569,0.015169872,0.9611137
6811,1.6826484e-06,7.9209145e-05,0.006802118,0.993117
5254,0.18689792,0.77079153,0.017450145,0.024860403
6016,0.8798443,0.04184595,0.03820608,0.040103707
3142,2.7434668e-05,0.00061184616,0.01678715,0.98257357
4289,0.5837787,0.16757455,0.20087211,0.047774665
2697,0.29025987,0.5330829,0.0068738335,0.1697834
8879,0.00017007317,0.0007759908,0.41735598,0.58169794
6540,0.61682236,0.3314193,0.0059136776,0.04584468
2270,0.017300203,0.12692645,0.06919227,0.7865811
6904,0.0324639,0.0030911136,0.40058422,0.5638608
2192,0.0010123282,0.005283866,0.07868207,0.9150217
684,0.8776111,0.11808106,0.0036492487,0.0006585947
6665,0.12657587,0.6330411,0.054404423,0.18597862
4076,0.46010083,0.06749681,0.25097948,0.22142285
7013,2.0170142e-05,0.000109961264,0.05144531,0.94842464
3387,0.9084973,0.07482326,0.004790856,0.011888626
4701,0.00832677,0.023164656,0.09755831,0.8709503
7671,1.9778931e-06,0.001978681,0.014746705,0.9832727
8345,0.008040838,0.014813954,0.071273655,0.90587157
6637,0.0001851625,0.0002390502,0.0065951245,0.9929806
1176,0.711529,0.0055739786,0.19131899,0.091578074
1027,6.82828e-07,8.8843706e-05,0.38235387,0.61755663
217,0.022231607,0.0063155624,0.00427049,0.9671823
170,0.7467867,0.22172707,0.0010951951,0.030391062
2184,0.82165027,0.17426336,0.0012245313,0.0028618725
7907,0.27054462,0.010721612,0.036552962,0.68218076
3114,0.62950176,0.34631765,0.013010365,0.011170168
4399,0.5004047,0.46340656,0.023140261,0.013048473
455,0.007373645,0.015814427,0.19989516,0.77691674
4626,3.2781434e-06,0.00015653971,0.015886694,0.9839535
8798,8.0895625e-06,1.3026608e-05,0.017122624,0.9828562
3504,0.00048854447,0.0013672968,0.08960663,0.90853757
3664,0.13902608,0.013116245,0.057085212,0.7907725
8782,0.17403024,0.7989165,0.0019712388,0.025082063
9247,0.42649156,0.5452366,0.023314964,0.0049568824
6023,0.4420865,0.5420023,0.0007605657,0.015150634
2440,0.83741724,0.15793175,0.0022144574,0.0024365163
1235,0.7946829,0.1851746,0.0070821447,0.013060289
49,0.0033191026,0.0104108555,0.059444364,0.92682564
1046,0.74359506,0.25421432,0.0007339187,0.0014567458
3512,0.9367733,0.062504604,0.00052674074,0.00019532914
3356,0.0009332214,0.0064448304,0.11935109,0.8732709
203,0.8326661,0.16037555,0.0020654665,0.0048928303
1417,0.4189042,0.53998685,0.0080001475,0.033108823
6417,0.7241163,0.24173974,0.017269958,0.016873982
3373,0.16915663,0.0033774439,0.73680663,0.0906593
8101,0.092321835,0.8768454,0.02281028,0.00802254
2279,0.23290859,0.7176632,0.015247739,0.03418044
5463,0.11240297,0.8703768,0.0012816465,0.01593862
6721,0.00024795375,5.167965e-05,0.001976318,0.997724
7882,0.0019136999,0.001885056,0.019451613,0.9767496
8873,1.505382e-07,6.9521324e-05,0.0382862,0.9616441
6325,8.719151e-06,0.00023321311,0.31096655,0.6887915
5091,5.270789e-07,5.170339e-06,0.0018666907,0.99812764
2348,0.741761,0.24806385,0.0038873446,0.00628781
6012,0.07590543,0.7839324,0.0049766325,0.13518555
8468,0.0009722799,0.0061373343,0.05489446,0.9379959
7284,0.9164253,0.08143575,0.0014969707,0.0006419611
3681,0.4134584,0.5288066,0.0031441879,0.05459076
2388,0.007245694,0.015487344,0.030876737,0.9463902
3587,0.4438432,0.5263826,0.0057820883,0.023992127
8926,0.027210305,0.9522434,0.0016705657,0.018875783
1895,0.42693716,0.55760425,0.00028796456,0.015170655
144,0.13957512,0.73629737,0.04555849,0.07856898
163,0.24300693,0.7491371,0.0062275357,0.0016284074
1000,3.0861993e-05,3.4546392e-05,0.030254552,0.9696801
7843,0.41068012,0.5526414,0.0127482815,0.023930207
2731,0.2965457,0.3379564,0.11092038,0.2545775
4857,0.10278916,0.2896699,0.058955308,0.5485856
8996,0.05061917,0.92612123,0.002316182,0.020943442
495,0.0016645617,0.011188802,0.059835542,0.92731106
6001,1.2459753e-07,1.1227342e-05,0.0022718431,0.9977168
2649,0.39644176,0.5531422,0.028312251,0.022103762
6695,0.00032941453,8.5200736e-05,0.13815276,0.8614327
5296,0.0001964449,0.0079925,0.20521903,0.78659207
4391,5.5404962e-05,0.0008999909,0.30074963,0.69829494
5251,0.0006547517,0.0022148327,0.013841577,0.9832888
7435,0.0004983705,0.00042317132,0.25682184,0.74225664
6567,0.4461818,0.53357923,0.008624545,0.011614412
3411,0.000506827,0.0039558723,0.049730524,0.94580674
8642,0.013716762,0.43360278,0.0065903463,0.5460901
5380,0.8088673,0.18346275,0.0022518032,0.0054181684
1069,0.8031854,0.19646819,0.00024200676,0.00010442137
4928,0.0001538487,0.25926736,0.03820494,0.7023738
1650,0.6927445,0.30321327,0.0005569361,0.0034852985
6696,1.0518472e-06,3.1773945e-06,0.0009312912,0.9990645
3910,0.4864327,0.31553486,0.010319979,0.1877124
8763,0.77383316,0.178478,0.011736395,0.03595244
9244,9.660925e-05,0.00056024996,0.08098523,0.9183579
5481,7.356269e-06,0.00014194254,0.084946394,0.91490436
3950,4.0903404e-05,0.030312838,0.16065876,0.8089875
5451,0.014061418,0.00071814924,0.11954637,0.8656741
2775,0.52302814,0.28168038,0.045086443,0.15020502
3441,0.29281786,0.6848491,0.0059985863,0.016334454
7019,2.073581e-05,0.0036598002,0.011136386,0.98518306
1861,0.08069349,0.37115246,0.0070148055,0.5411392
2655,3.2005494e-06,1.7591996e-05,0.018448777,0.9815305
9354,0.47023565,0.45779833,0.023855748,0.04811024
6448,0.34682706,0.6230468,0.010223089,0.019903027
8021,0.00035252472,0.012884383,0.14222237,0.84454066
8908,0.8690147,0.122228146,0.0030899355,0.0056673056
8678,0.80913395,0.18777357,0.00017563457,0.0029168935
6899,0.1394108,0.8516699,0.0032810492,0.00563829
6825,0.44685698,0.5483611,0.002513872,0.0022680357
6469,0.005150867,0.039307207,0.0503637,0.90517825
2342,1.5456981e-06,1.6621243e-05,0.10861768,0.8913642
4665,0.00021572145,0.0047722096,0.17146584,0.82354623
4968,0.63010955,0.351588,0.009205546,0.009096897
8376,0.5992953,0.38385642,0.0032439828,0.013604314
5659,0.49644184,0.4859114,0.006702115,0.010944633
2174,9.836281e-07,1.7122874e-06,0.08923339,0.91076386
5806,0.06932538,0.051375374,0.060302995,0.8189962
4601,0.7227075,0.2623127,0.0042784386,0.010701342
2516,0.71227145,0.20215386,0.05397932,0.031595364
2098,0.34876826,0.5961732,0.037416596,0.017641919
1896,0.0035547083,0.0006979136,0.42613798,0.56960934
9043,0.0006745736,0.0008091124,0.039281946,0.95923436
3703,0.4597653,0.027501794,0.073408805,0.43932408
3819,0.51162994,0.42273363,0.005614412,0.060022026
631,0.091741525,0.75350463,0.057301253,0.09745261
1543,1.3490775e-05,0.0006624914,0.41946438,0.5798597
2862,0.0663785,0.70434666,0.029791776,0.19948313
4454,0.0012181746,0.037132137,0.011085367,0.95056427
3511,0.012687625,0.058302574,0.18839048,0.74061936
2341,0.00026243977,0.0015295639,0.09588002,0.90232795
8251,0.0012091015,0.001118953,0.19154923,0.8061227
3304,0.49180952,0.38055372,0.03893138,0.08870534
5951,0.12636222,0.34116212,0.27738723,0.25508845
8630,0.47117656,0.34725812,0.025881726,0.15568364
2673,0.6960829,0.25593188,0.034384333,0.013600816
9173,2.8017374e-05,1.0538507e-05,0.013435617,0.9865259
8675,0.22294468,0.28070018,0.02730546,0.46904966
4046,1.3375467e-06,1.3810062e-05,0.023571804,0.9764131
1051,0.13832447,0.54289556,0.017338304,0.30144164
7432,0.03702745,0.81275046,0.009020666,0.14120139
4978,0.00028167843,0.0010684942,0.22989029,0.76875955
1947,0.022340091,0.10756585,0.642311,0.22778304
2570,0.15436979,0.8381262,0.0026528423,0.0048511946
7006,0.04369909,0.92850274,0.010004207,0.017794006
2227,0.6481729,0.3058233,0.024907742,0.02109604
1475,0.18992937,0.5880573,0.0409649,0.18104842
7308,0.015325995,0.24324164,0.010730737,0.7307016
1049,0.7028234,0.27839738,0.0067767776,0.012002438
9353,2.8526025e-05,0.00013567758,0.0061288876,0.9937069
1016,0.018342828,0.061006006,0.1634781,0.75717306
968,0.0002492927,0.008677333,0.018238131,0.9728353
8817,0.66100734,0.3233252,0.00055644533,0.015111061
3544,0.14552471,0.8505287,0.00093755324,0.0030090357
8661,0.0048598126,0.029568914,0.24083702,0.72473425
2939,0.0015409145,0.022294192,0.065896936,0.91026795
9208,0.012073789,0.050792646,0.1718336,0.7652999
2008,0.03560146,0.8966357,0.056053534,0.011709343
1490,0.003236493,0.00077226484,0.4799549,0.51603633
3220,0.04423722,0.3148519,0.0017217982,0.63918906
2630,0.00022922974,0.0001347707,0.22558519,0.77405083
4919,0.4580442,0.49047044,0.0034739382,0.048011437
9393,0.00059498893,0.014060647,0.024049109,0.9612952
8655,0.005159473,0.26235527,0.043976955,0.68850833
7125,0.077037044,0.84738594,0.05192326,0.023653802
6225,0.00046637453,0.004122948,0.8726775,0.12273316
5855,0.06323379,0.0037635495,0.27082068,0.662182
3969,0.7461434,0.21184792,0.02931341,0.012695291
1521,1.4220827e-05,0.00021109234,0.019905483,0.9798692
8662,0.19429927,0.79341537,0.0037571548,0.008528197
4844,0.4914994,0.4857475,0.0012250036,0.02152805
3642,0.11225353,0.8807138,0.0016251593,0.00540754
9329,0.38966098,0.5940158,0.010179503,0.006143682
494,3.0017446e-07,0.00076767465,0.061739706,0.9374923
9106,0.4427105,0.4963802,0.04484235,0.016066935
6821,0.073092535,0.92466074,0.0009929881,0.0012538087
8479,0.3205902,0.65032727,0.0026353844,0.02644714
7755,0.68328905,0.30965793,0.0049696495,0.0020833812
2580,0.007648439,0.009143277,0.010817807,0.9723904
3936,1.5172761e-06,6.252068e-06,0.0014263643,0.99856585
6778,0.0016359452,0.0011080396,0.3833449,0.61391115
9237,0.6666803,0.30083898,0.00363952,0.028841238
8523,0.091837674,0.8506474,0.002232789,0.05528212
8736,0.047620784,0.8869891,0.0017846822,0.06360549
2891,0.0014763608,0.074056946,0.018650131,0.9058166
7201,0.4946042,0.50208426,0.0014447288,0.0018668218
287,0.06562725,0.8193065,0.021739056,0.09332718
5630,0.01635152,0.0064799245,0.7220411,0.25512746
3344,0.0024756282,0.0042621647,0.10905415,0.884208
6923,0.014159693,0.033653308,0.7255217,0.22666535
8392,7.154924e-05,0.0027729361,0.1092394,0.88791615
8907,0.89417183,0.045966633,0.02210405,0.037757456
1955,0.49619752,0.49699026,0.0041390387,0.0026731684
8718,0.58971465,0.3961295,0.009792142,0.0043636826
2595,0.047652286,0.9474651,0.0035972558,0.0012853619
7292,0.006242737,0.005066054,0.05432507,0.9343661
7526,0.0016596687,0.00026087443,0.4387008,0.5593786
6364,0.68960273,0.17884007,0.029302811,0.102254406
4492,0.5147598,0.47982252,0.0027889085,0.0026288095
4423,0.6944408,0.2899195,0.010820577,0.0048191585
3132,0.5403856,0.43524623,0.0043215263,0.020046616
6726,0.00084810145,8.073781e-05,0.98145205,0.017619075
4796,0.0003191553,0.0011260755,0.47320953,0.52534527
6929,0.00012485831,0.009850654,0.11271018,0.87731427
1699,0.0028124063,0.00044733004,0.034597766,0.9621425
8358,0.0014235087,0.039511662,0.08748144,0.87158334
480,0.86580765,0.123504825,0.0015953003,0.0090921745
8834,0.23676248,0.34115592,0.4020777,0.020003952
2427,0.3508076,0.40938604,0.1368686,0.10293781
7926,1.1446806e-05,2.44972e-05,0.048530467,0.95143354
508,0.3988366,0.5754147,0.0072973105,0.018451318
4078,0.69452417,0.2614499,0.027332146,0.016693834
3607,1.5660487e-05,0.00022048705,0.17849652,0.82126737
439,0.2822989,0.43869245,0.049428243,0.22958037
7067,0.64645875,0.328861,0.009720727,0.01495956
9426,0.06290611,0.58289546,0.011930695,0.3422677
6089,0.40403965,0.32866922,0.017368108,0.24992308
3961,0.00027172486,0.008758367,0.38182583,0.6091441
7483,0.0010237596,0.011285415,0.41454598,0.57314485
2135,0.0047686268,0.0028122626,0.074944675,0.9174744
7785,0.12983912,0.3520587,0.13779104,0.38031113
7545,7.6639e-05,8.275091e-05,0.32413936,0.67570126
4239,2.554917e-06,5.215581e-06,0.0058920532,0.99410015
6127,0.0034904908,0.07607367,0.16808568,0.75235015
6424,0.20306973,0.77395165,0.008465648,0.014512938
2698,0.0050590597,0.017971242,0.40038484,0.5765849
1885,0.00017423707,0.00065353955,0.114977404,0.8841948
720,0.0978359,0.38971797,0.06679259,0.4456535
19,0.00073752145,0.00074052846,0.08426568,0.9142562
30,0.84610206,0.15164728,0.0021643145,8.631437e-05
8589,0.259333,0.5203028,0.19855513,0.021809062
8691,0.8657587,0.113783054,0.006648639,0.01380958
1642,0.3390051,0.64544344,0.011394508,0.004156936
7381,0.24168201,0.73856723,0.0004542105,0.019296525
6528,0.11891322,0.19338025,0.58234054,0.10536597
2954,0.21041779,0.769767,0.009469125,0.010346114
9454,0.63695854,0.32742056,0.024901839,0.010719075
545,1.7504175e-05,8.0935395e-05,0.028114399,0.9717872
2422,0.00052434485,0.14784013,0.021828048,0.82980746
8648,0.6462769,0.1802028,0.11278852,0.060731795
8274,1.8060891e-05,1.2454785e-05,0.03298089,0.9669886
9305,0.42014533,0.070175946,0.19242293,0.3172558
2065,0.10574635,0.08907521,0.038539294,0.7666392
6368,0.10215754,0.56135875,0.052315533,0.28416818
6313,5.7186e-07,0.00015255246,0.50401884,0.495828
1863,0.37173823,0.5037924,0.008626993,0.11584235
2538,0.09134959,0.6179615,0.014616014,0.27607283
6481,0.046166662,0.06132579,0.1364543,0.7560532
72,0.87915874,0.11158538,0.0012836771,0.00797222
6436,0.22798227,0.7688779,0.0004959476,0.0026439014
2615,0.05163929,0.9424592,0.00042942166,0.005472086
1908,3.7569946e-05,8.529952e-05,0.25420144,0.7456756
4966,0.5280952,0.46464008,0.0029997153,0.00426498
5916,1.4821298e-06,6.0914317e-05,0.0034247567,0.99651283
6367,0.14713848,0.83316153,0.010149394,0.009550558
31,0.0053383014,0.008647652,0.57423353,0.41178048
1934,0.43686622,0.54675335,0.0043191896,0.012061219
3805,3.055239e-06,0.00047111738,0.015328448,0.98419744
2945,0.002092702,0.061653174,0.7772845,0.15896967
859,0.7247157,0.2651119,0.0040741507,0.006098235
5565,1.0188692e-06,6.470058e-06,0.01813393,0.9818586
8659,0.008430962,0.039691787,0.36884895,0.58302826
1390,0.00021831432,0.00015112718,0.14806566,0.8515649
531,0.21698315,0.768889,0.0009174832,0.013210397
2291,9.323168e-06,1.999839e-05,0.47690022,0.52307045
1135,0.7510784,0.24425404,0.0030343097,0.001633181
1974,0.31571403,0.23019013,0.37254372,0.08155214
7434,1.7868153e-05,0.0045365817,0.030548083,0.96489745
457,2.9353449e-05,5.7937374e-05,0.0003670417,0.99954563
8538,0.044152495,0.011526696,0.23249191,0.7118289
2923,0.20675465,0.7795972,0.006169821,0.007478343
5150,0.0004685811,0.013696592,0.026317025,0.9595178
2646,0.5366301,0.35834295,0.0014167412,0.10361022
6687,0.0014708966,4.6391797e-05,0.08856357,0.90991914
5972,0.214833,0.76991075,0.0009226539,0.014333581
8571,0.00046298504,0.11632314,0.0011505771,0.88206327
3580,0.0037792863,0.009170577,0.73987,0.24718009
2720,0.57949674,0.41655344,0.0004142831,0.0035355208
1616,0.016592726,0.628954,0.028921466,0.32553178
8604,0.00025937904,0.00040553298,0.0024924157,0.99684274
2385,1.2268551e-06,3.3518306e-06,0.010703803,0.9892916
8438,4.4154447e-05,0.0032248942,0.4076306,0.58910036
96,2.8465828e-07,9.5457e-05,0.0024993687,0.9974049
2067,0.023391312,0.172697,0.07008173,0.7338299
7213,1.8670315e-05,0.00018753627,0.047180258,0.95261353
4259,0.004141571,0.016831787,0.19648775,0.7825389
1030,3.9366564e-06,0.00010545781,0.019705167,0.9801854
1668,1.1693839e-05,0.0005122872,0.053503074,0.9459729
4638,0.10169565,0.8864556,0.0087681925,0.0030805797
3871,0.00011744477,0.0033746378,0.03955546,0.95695245
5387,0.22144215,0.76652354,0.0044054193,0.0076289526
4070,0.00011219435,4.4364268e-05,0.08617747,0.913666
2206,0.00013137987,0.00031437338,0.7082832,0.29127106
2222,1.0384317e-06,6.2297468e-06,0.17315489,0.82683784
2838,0.055890184,0.27451015,0.037395112,0.63220453
8580,0.31549644,0.6472142,0.014783003,0.022506429
6877,0.018533984,0.06160622,0.035845257,0.8840145
7965,0.03505516,0.00826855,0.6659083,0.29076794
5905,0.0058449185,0.0019144692,0.36387992,0.6283607
7715,0.43450576,0.5357591,0.006839027,0.022896077
8393,0.0010202668,0.0031530994,0.089282475,0.9065442
2278,0.32316074,0.6619293,0.007458193,0.0074518123
2004,0.43127382,0.5589009,0.00097157515,0.008853716
5306,2.3546245e-05,0.0075779352,0.00955738,0.98284113
3970,0.02455473,0.9552888,0.00019099917,0.019965392
5960,0.29746282,0.6846401,0.014401756,0.0034952823
7752,0.07479061,0.07901027,0.005213105,0.84098595
4625,0.029141085,0.0738704,0.18638442,0.7106041
5021,0.084174156,0.892431,0.0012141372,0.022180652
3027,0.4084142,0.49859035,0.029504692,0.0634908
6058,4.192901e-05,0.00017759678,0.0007069296,0.9990735
2201,0.08429085,0.800655,0.030502163,0.08455199
8150,0.02212268,0.14785263,0.06107914,0.7689456
5170,0.3339138,0.6293888,0.005661269,0.031036142
3815,0.0004378099,0.0015075853,0.033189844,0.9648648
9137,0.0063369707,0.006866356,0.029780585,0.9570161
7982,7.9013764e-05,0.0017110283,0.43289793,0.5653121
6689,0.47443318,0.44824532,0.00080117997,0.076520324
5975,0.2942664,0.6962373,0.00038525005,0.009111015
3909,0.0026963032,0.04632758,0.03003562,0.92094046
4498,9.520036e-07,3.7118957e-06,0.023056502,0.9769388
8255,0.0033959767,0.06306424,0.4066235,0.52691627
8960,0.017219545,0.01793163,0.16043648,0.8044123
7443,0.65295154,0.2880736,0.030107968,0.028866913
3650,0.74632066,0.20898896,0.0099256355,0.034764707
7271,0.079735994,0.82383525,0.011576718,0.084851965
4107,0.1609835,0.60283166,0.0019987044,0.23418616
5678,0.0547906,0.7111263,0.025990425,0.2080927
6723,1.4476855e-05,2.4796935e-05,0.011453452,0.9885073
4340,6.197013e-05,0.00010408663,0.67481923,0.32501474
7104,0.35662916,0.54815215,0.020891272,0.07432745
6533,0.4662424,0.4865986,0.026856348,0.020302635
5736,3.6642907e-06,4.799379e-06,0.0012701193,0.9987214
2024,0.012477487,0.019543448,0.44391316,0.5240659
1075,0.017488394,0.022231517,0.084449045,0.875831
7182,0.0046713213,0.0008334228,0.050953213,0.94354206
7151,0.8477187,0.14808606,0.0024412458,0.0017539602
7503,3.7549946e-06,1.0086461e-06,0.06166531,0.93833
8269,0.09688445,0.8626519,0.033221524,0.00724217
2086,0.3478905,0.63312334,0.0033940366,0.015592161
2470,1.630294e-07,0.00023049262,0.20730269,0.79246664
8016,4.2026236e-06,6.660388e-05,0.0038988406,0.9960303
8156,0.00383115,0.0041793403,0.38868675,0.6033028
8030,0.281841,0.70175964,0.00023383355,0.016165564
7534,0.0013341516,0.012505478,0.06316143,0.9229989
6935,0.8385106,0.15660827,0.0012166403,0.003664535
4739,0.00015896666,0.09824397,0.23870923,0.6628879
4151,0.05427371,0.90621924,0.005747834,0.03375924
1100,0.019925755,0.0136502655,0.26836643,0.6980576
4090,0.00013087683,2.2872662e-05,0.33801132,0.6618349
5797,3.5128548e-07,0.0009804941,0.01080238,0.9882168
4760,0.10291262,0.8383291,0.001246753,0.057511527
6435,0.30011955,0.6577019,0.0027109436,0.03946759
3881,0.08230661,0.89282036,0.018771,0.0061019827
8311,0.024453664,0.88787514,0.011261024,0.07641017
4429,5.0719946e-06,8.4129846e-05,0.37867218,0.62123865
2142,0.49186748,0.50313526,0.0032071415,0.001790101
8433,0.6098105,0.3712993,0.004357059,0.014533146
7945,6.8352824e-07,8.853843e-05,0.047075965,0.9528348
6905,0.0006719152,0.0026529978,0.2766483,0.7200268
1971,0.013351361,0.10975818,0.107645206,0.76924527
8373,0.7633237,0.21347243,0.0074924924,0.015711395
5991,0.48166057,0.4990375,0.0036271869,0.015674783
9332,0.02027514,0.008312791,0.04219454,0.9292175
7444,1.3668476e-05,1.4400871e-05,0.01204634,0.98792565
9368,0.00026964693,0.001014622,0.18927015,0.80944556
7804,0.00043765982,6.099703e-05,0.15437764,0.84512377
9275,0.9260275,0.07208689,0.0017890034,9.664369e-05
7732,0.00013729322,0.0008421168,0.044743966,0.9542766
9290,0.37956786,0.6170958,8.3928615e-05,0.0032524338
4997,0.07602647,0.2339298,0.2746376,0.41540617
7811,0.22743246,0.6046743,0.02683685,0.14105642
8061,0.22234061,0.5736473,0.15373264,0.050279435
5253,0.000112239,0.0019743028,0.13478929,0.8631242
698,0.0069520725,0.0018753232,0.13466923,0.8565034
2390,0.38819665,0.0016096281,0.1860327,0.42416102
7351,0.16020636,0.8082707,0.0011156447,0.030407326
8089,0.04729437,0.937255,0.008012181,0.0074384375
6176,0.0002525157,0.0006673803,0.09566106,0.903419
6523,0.005589895,0.026413294,0.1347394,0.8332574
2014,6.5688046e-06,0.00054404465,0.2926918,0.70675755
2307,0.00033558972,0.0012231757,0.0023577092,0.9960835
4889,0.52270097,0.4457497,0.0019557255,0.029593635
3120,0.0029311818,0.2383198,0.044046037,0.71470296
4871,0.00045292673,0.0068218186,0.16198444,0.8307408
8014,0.000969469,0.004961121,0.56925964,0.42480978
7339,2.484779e-05,0.006481028,0.12646241,0.8670317
4692,0.0031040576,2.2504391e-05,0.004516134,0.9923574
9336,0.29063246,0.7066574,0.00064291863,0.0020672185
3955,0.07873546,0.92036694,0.00062592165,0.00027170274
5892,0.0002773826,0.038891174,0.16972491,0.7911065
6826,0.12902084,0.80362105,0.015150408,0.052207693
2202,0.141746,0.44025373,0.11930342,0.29869682
4332,0.62986964,0.3038649,0.021046843,0.045218624
9097,0.107983634,0.8649626,0.009099661,0.017954081
5198,0.8098294,0.1830282,0.0037796046,0.0033628026
7138,0.009148749,0.00016467024,0.12904093,0.86164564
3832,0.00071985845,0.00081291964,0.2805407,0.7179265
4756,2.3092003e-05,0.00020598016,0.010504368,0.9892665
7414,0.0003453122,0.0010642839,0.00941797,0.98917246
4123,0.0003457202,0.0043971445,0.48475555,0.51050156
6910,9.110919e-07,0.0005186616,0.004659062,0.9948213
8447,0.60264313,0.36185107,0.0221351,0.013370741
6840,0.0002275918,0.0022784579,0.0213539,0.9761401
7185,0.0008652564,0.01083355,0.13590701,0.85239416
928,0.958855,0.039342895,0.000105822044,0.001696327
5805,0.00012039714,0.0071497425,0.84397995,0.14874987
7645,0.4255788,0.53188986,0.001796351,0.04073498
357,0.002786572,0.019394124,0.20342731,0.77439195
2300,0.46851093,0.52490294,0.0029994699,0.003586689
6630,3.906508e-06,0.00014002297,0.009019855,0.99083626
7640,0.42951477,0.5270184,0.026322575,0.017144218
3695,0.23556288,0.24343975,0.029067835,0.49192962
5395,2.0063759e-05,5.0487404e-05,0.016966289,0.9829632
309,0.0018347577,0.05261029,0.12642859,0.8191264
4346,0.0005683819,3.9434995e-05,0.3371613,0.6622309
7315,0.32272014,0.6275949,0.038876254,0.010808732
3634,0.21672165,0.7502032,0.01922578,0.013849336
7533,0.0010764415,0.0042505707,0.059029486,0.9356435
9013,0.00033116795,0.045108177,0.0028225554,0.95173806
1009,9.294203e-05,2.1764776e-05,0.096443914,0.9034414
4170,0.06459172,0.009221006,0.03493056,0.8912567
2344,2.5777997e-06,4.616443e-06,0.0027672113,0.9972256
5915,0.00013842742,0.0031132824,0.027298847,0.9694494
9054,0.43898067,0.5357932,0.0031490326,0.022077112
4822,0.61080927,0.23736945,0.12658486,0.025236452
8517,0.00038060173,0.0009782312,0.034553595,0.9640876
1352,0.41033268,0.5852019,0.00069140113,0.0037739754
8196,0.2642042,0.7056396,0.021142645,0.0090135345
7668,0.0001076603,0.01262263,0.009100348,0.9781693
739,3.478821e-05,4.172324e-05,0.045442488,0.954481
2005,0.0018833785,0.00029859113,0.22539976,0.77241826
1613,0.0013356288,0.0005601533,0.027895961,0.9702083
842,0.44238403,0.17300314,0.013148457,0.3714644
5057,0.9553467,0.03756285,0.0021045657,0.004985853
9424,0.05949004,0.84663266,0.0015246822,0.09235265
8388,0.005012582,0.07165665,0.41181013,0.5115206
885,0.33089325,0.28242934,0.28423384,0.10244355
5428,0.68464243,0.30573866,0.0025416391,0.0070772753
1555,0.08636836,0.2912949,0.48621184,0.13612492
1306,2.9235858e-05,3.2850858e-05,0.09718203,0.90275586
5766,0.0028194087,0.0011432617,0.19074647,0.8052909
8722,0.040117927,0.12753569,0.17455961,0.65778685
8752,6.293529e-05,0.00065834046,0.27851984,0.7207589
1973,0.0005884696,5.0074606e-05,0.5864989,0.41286254
5640,2.494438e-05,6.1086753e-06,0.008292481,0.99167645
1654,2.6770383e-07,3.6220654e-06,0.0013388862,0.9986572
3156,7.558234e-05,0.0011286794,0.34635282,0.65244293
5302,0.06554641,0.92493016,0.00067499623,0.008848458
7344,0.0008924036,0.28024393,0.040407613,0.67845607
7229,1.4412533e-05,0.0017294413,0.0026192637,0.9956369
7348,0.19767165,0.7549441,0.035806496,0.011577784
8483,0.73199004,0.25288683,0.0019489228,0.013174199
9128,1.7037532e-05,0.00023930967,0.01339849,0.9863452
7232,0.0005670019,0.0018584045,0.05486032,0.9427143
3315,3.6168258e-05,4.358504e-05,0.10033034,0.89958996
8067,0.31243464,0.45445737,0.05468976,0.17841819
9405,0.000436433,0.001231771,0.045976188,0.95235556
108,0.0015641857,0.040211286,0.23805472,0.7201698
3537,2.5562665e-06,1.8642925e-06,0.025665225,0.9743303
2070,0.06691481,0.9058734,0.002058584,0.025153205
5725,0.0006206022,0.00058117276,0.34569734,0.6531009
3457,0.000114098424,0.0006319767,0.04456472,0.95468926
5694,0.28121218,0.57075274,0.023507312,0.12452778
8687,5.7517045e-06,0.002408791,0.0002893143,0.99729615
8336,1.0150814e-05,1.4633966e-05,0.017209908,0.9827654
2873,0.00023760574,0.0010149874,0.051297665,0.94744974
6311,0.0068469057,0.0037842796,0.33900052,0.6503683
319,0.011844935,0.0051098918,0.14877595,0.8342692
810,0.0002370543,0.00041575092,0.0577546,0.9415926
2357,0.019314835,0.8946145,0.009030372,0.07704025
7495,1.8291158e-06,9.346906e-05,0.15015832,0.8497464
117,0.0019629977,0.00018951055,0.052638005,0.94520944
8859,0.00011276661,1.3443451e-05,0.05468814,0.94518566
1693,8.141036e-06,1.4182176e-06,0.0013431425,0.9986473
4949,0.036634646,0.7350836,0.0965335,0.1317482
243,0.10234952,0.8449084,0.004973705,0.04776839
2114,0.5434372,0.42604348,0.005634085,0.024885267
6042,0.00013056834,0.0015930625,0.047922798,0.9503535
386,0.00017404187,0.00024662234,0.123478085,0.87610126
5426,0.4695871,0.5261875,0.0039023769,0.00032301695
5363,0.783153,0.21106441,0.0019859902,0.0037965544
2212,0.78249764,0.20575228,0.004155356,0.0075947507
6715,0.0036026612,0.010967845,0.05606667,0.9293628
2631,0.10351629,0.87671113,0.003835508,0.015937025
4091,0.0008161856,0.0011030702,0.39333907,0.6047417
8382,0.014677791,0.010501901,0.38599703,0.5888233
2658,0.28295568,0.5828127,0.12668686,0.0075447247
396,3.7532438e-06,0.00050837506,0.060486536,0.9390013
8301,0.008605672,0.022250948,0.5948527,0.37429067
8821,0.021347687,0.5867936,0.1586151,0.23324361
7693,0.044969708,0.90486854,0.0033253792,0.04683637
9300,8.550997e-06,1.0815788e-06,0.0039863074,0.99600405
9264,2.9232493e-05,0.00091188005,0.14721176,0.8518471
1874,0.2862699,0.61486167,0.021615883,0.077252544
535,6.0906088e-05,0.0031005028,0.050950885,0.9458877
645,4.6475006e-06,4.307594e-05,0.013158931,0.98679334
4485,0.4907068,0.29394615,0.009025182,0.20632192
815,0.07011644,0.37168774,0.029587906,0.52860796
7055,0.017708145,0.022077357,0.12544213,0.83477235
7539,0.37188268,0.6123397,0.00519095,0.010586669
3263,0.23355532,0.7540214,0.0014288316,0.010994475
1149,0.9880949,0.009757435,0.0015671407,0.0005805116
1047,7.399038e-05,3.812103e-05,0.0077606207,0.9921273
1477,0.871101,0.11557686,0.011242216,0.002079847
8686,0.16263057,0.7639509,0.0007551359,0.07266335
914,0.46780485,0.51603305,0.0012116882,0.014950441
6220,0.06479835,0.90830594,0.003536817,0.023358917
9044,0.0001808455,0.004766503,0.42151794,0.5735347
5286,0.46069637,0.2909682,0.064379945,0.18395554
1564,0.0523325,0.047447477,0.13180524,0.76841474
1690,3.5880348e-05,1.3841037e-05,0.08858057,0.91136974
9049,4.42245e-05,0.00041132607,0.0828619,0.91668254
4047,0.17578225,0.8092608,0.0011132738,0.013843717
758,0.24121554,0.70183563,0.009275957,0.047672935
8541,0.03654381,0.9624282,0.0002842875,0.000743671
389,6.2592924e-05,4.1413754e-05,0.023617504,0.97627854
5071,8.0608925e-06,5.6182025e-06,0.015088152,0.98489815
4113,0.05708196,0.67757744,0.015210065,0.2501305
8485,0.86716545,0.0704284,0.05399918,0.008406952
4652,0.4507291,0.5278904,0.006056357,0.015324151
4610,0.4328268,0.5061102,0.013995178,0.04706783
1412,7.847052e-06,1.6036007e-05,0.009431287,0.9905448
1729,2.2684083e-06,2.6100308e-06,0.0007833107,0.9992118
3531,0.022751322,0.0002992022,0.75959,0.2173594
7451,0.23066638,0.33455336,0.10593858,0.3288417
8845,0.5904393,0.40069383,0.00097589265,0.007890917
7767,0.0011037042,0.0056884987,0.9360306,0.057177175
5986,0.5755257,0.39884955,0.0026760218,0.022948671
1327,0.0015948749,0.0069764717,0.3649616,0.62646705
8760,0.19921052,0.7040389,0.06966641,0.02708418
2355,0.1140875,0.7767535,0.02324506,0.08591399
3541,0.00023869141,0.0066562737,0.06888701,0.92421806
9309,0.6940956,0.20790581,0.039343297,0.05865526
5055,0.00046026244,0.00039165257,0.01355752,0.9855906
328,5.333816e-07,1.5705036e-05,0.21359488,0.7863889
8702,0.00082591106,0.011424539,0.14054543,0.84720415
556,0.005829927,0.0005564807,0.00665196,0.9869616
950,0.00011042049,0.0002717493,0.020194378,0.97942346
8034,0.38020596,0.5970495,0.0014774333,0.021267103
5593,2.6662032e-05,0.00041302957,0.047584753,0.9519756
9078,0.4372149,0.549293,0.0030590035,0.01043306
6518,0.26396108,0.25305915,0.0015853189,0.48139444
9087,0.0002999118,0.0015515308,0.032246247,0.9659024
8644,1.1495743e-05,9.4537376e-05,0.0177621,0.98213184
2208,0.36370996,0.6284397,0.0029230318,0.0049272687
7962,0.32635775,0.6593589,0.008337025,0.0059462707
6267,0.004715253,0.019271215,0.12575129,0.8502622
5187,1.4547405e-07,0.0001850942,0.008331966,0.99148285
4653,0.03778256,0.00091906893,0.06388084,0.89741755
3756,0.30128568,0.152132,0.29437447,0.25220782
3371,0.028222425,0.69745106,0.006977577,0.26734895
6785,0.6557004,0.295531,0.016468082,0.03230053
6248,0.8751627,0.09433753,0.008854986,0.021644792
6085,0.8715214,0.12760311,0.000410502,0.0004649694
8298,0.0018158109,0.0043112757,0.6763841,0.31748885
7149,0.0011144618,0.0013460834,0.80275476,0.19478475
6756,0.00034857405,0.0002564925,0.9255234,0.07387159
2111,0.4483805,0.27019128,0.07285272,0.20857552
2840,0.014784208,0.570817,0.048157323,0.36624143
4247,0.00046186615,0.0002467536,0.36178508,0.63750637
4908,0.9813378,0.009238626,0.0015211792,0.0079023745
3930,1.3158107e-05,0.0014022411,0.13981907,0.85876554
1002,0.0019170616,0.0001149819,0.50259286,0.49537504
8964,0.26193395,0.7370061,0.0005697105,0.0004902075
5769,0.15018678,0.25897738,0.019220034,0.5716158
2193,1.2156674e-05,0.0015465157,0.016067805,0.9823735
2531,0.051767796,0.27759978,0.0048777605,0.6657547
1804,0.2691855,0.5100392,0.0058964766,0.21487884
3662,0.226957,0.6487705,0.10127926,0.022993227
7168,5.9608715e-06,1.2557889e-05,0.024248376,0.9757331
3407,0.09232721,0.8623025,0.020827102,0.024543209
2553,0.06313688,0.30421233,0.07981671,0.5528341
6118,2.3732706e-07,5.5920216e-05,0.0834114,0.91653246
4732,0.28539518,0.70974046,0.00038251036,0.0044818064
7425,1.0962249e-06,2.857129e-06,0.08738848,0.9126075
9061,0.367333,0.406722,0.070350125,0.1555949
6828,0.50587773,0.48024532,0.0029204946,0.0109564625
7796,0.8204471,0.1265691,0.03244391,0.020539872
5183,0.43640658,0.5207074,0.013745368,0.029140588
6257,0.64765596,0.27397728,0.05113742,0.02722931
1921,0.594433,0.3364363,0.06656688,0.0025638298
7609,0.7367165,0.24161857,0.006823892,0.014841055
7725,0.0005395439,0.008084361,0.062169123,0.92920697
4982,0.578943,0.38172632,0.0078081125,0.031522516
1796,0.20210321,0.74923354,0.001225462,0.047437828
641,0.00027033,0.00082882936,0.022749431,0.9761514
606,0.31957316,0.66131663,0.0005417345,0.018568417
8991,0.028684475,0.8818476,0.022716925,0.06675103
1869,0.0903582,0.89611214,0.004447342,0.009082295
8280,0.010588345,0.00012198516,0.23501438,0.7542753
3915,0.6433502,0.08728064,0.18539691,0.083972335
6230,0.09106426,0.42708048,0.26233456,0.21952069
2495,0.0031361245,0.0007629443,0.020061895,0.976039
3506,0.15404777,0.62325764,0.047716778,0.17497782
4606,2.218121e-05,0.001481283,0.043804165,0.95469236
7366,0.65639645,0.33846524,0.0016854197,0.0034528752
1605,0.00015388371,0.00011091166,0.16042426,0.83931094
7178,0.80291265,0.18754993,0.0012827453,0.008254681
7349,0.809518,0.16341007,0.019566882,0.0075050993
7881,0.10738129,0.8849289,0.005858261,0.0018315762
8001,6.802936e-05,0.0005698892,0.06759161,0.93177044
8781,0.00014265966,0.0056263,0.0070529445,0.9871781
42,0.81534326,0.14066854,0.013676689,0.030311523
5368,5.01132e-07,1.9428542e-05,0.06865335,0.93132675
2159,0.37532902,0.616215,0.0061793923,0.0022766234
8405,3.486513e-05,0.0007602981,0.028184665,0.97102016
7623,0.0035570525,0.03463185,0.08340296,0.87840813
2598,6.5732147e-06,1.9820183e-05,0.14302473,0.85694885
6101,0.2541111,0.67205054,0.008184382,0.065653995
1150,0.0015937022,0.0018210514,0.20741245,0.7891728
882,0.45550898,0.5212641,0.014530177,0.0086967815
3858,0.6937833,0.11173922,0.023293646,0.17118385
2132,0.013161722,0.0010653259,0.02122405,0.9645488
7543,0.0011268739,0.011329065,0.36052877,0.62701535
5134,1.6327918e-05,0.0002929149,0.06479799,0.9348928
5475,0.26076102,0.64670146,0.008812732,0.08372478
8500,0.7362589,0.24893655,0.0056374534,0.009167058
6361,0.004373177,0.0011550175,0.21816723,0.77630454
2283,0.021781405,0.0010178612,0.15816359,0.81903714
7224,4.161487e-06,0.0019902873,0.05084442,0.9471611
1473,0.002391483,0.07560117,0.22330177,0.69870555
7972,0.8503542,0.1319364,0.0010085948,0.016700843
5248,0.3034763,0.68843234,0.0025982885,0.00549302
2225,0.29413927,0.5367106,0.102100775,0.06704933
3609,0.10444156,0.0026366857,0.6940322,0.19888955
6120,0.38458744,0.43282402,0.012091677,0.17049688
8366,0.10502764,0.7928702,0.044684883,0.05741728
571,0.1790604,0.5233447,0.13596308,0.16163181
7010,6.533703e-06,1.8410748e-06,0.000978223,0.9990134
5265,2.1095311e-06,0.00031253957,0.0025086524,0.99717665
4931,0.7695322,0.17736316,0.029182184,0.023922497
1498,0.34533614,0.57087284,0.07444673,0.009344259
8460,0.050523527,0.3736594,0.11715007,0.458667
4869,0.0073577184,0.380794,0.19751017,0.4143381
840,0.35314125,0.45220938,0.021717224,0.17293218
7317,0.0031917205,0.03960612,0.08250386,0.87469834
3754,0.0005946131,0.002830275,0.02706842,0.9695067
6984,0.17422807,0.049116295,0.6077643,0.16889136
8531,4.4022645e-08,7.093362e-06,0.007412691,0.99258024
2387,0.02072974,0.42368758,0.24599299,0.3095897
5955,0.20506334,0.7782972,0.0072972984,0.009342185
8461,0.0010874099,0.014882599,0.057458,0.92657197
4073,0.011536242,0.0053138295,0.28261423,0.7005357
1074,0.01570186,0.0063103265,0.5880534,0.38993442
5102,3.4259916e-05,2.825132e-05,0.012083834,0.98785365
5163,6.813793e-05,0.00041366764,0.027402679,0.97211546
4681,0.93043137,0.0624085,0.0017218685,0.0054383227
3876,0.89112955,0.10329476,0.0052826963,0.00029295293
2101,0.8258017,0.16469005,0.0008140251,0.008694241
6388,6.733893e-06,4.451799e-06,0.021358356,0.9786305
8683,0.12354203,0.8683587,0.0045980415,0.003501206
8813,0.020362804,0.17945394,0.052595843,0.7475874
7447,0.00049777183,0.015497439,0.48777595,0.49622887
8047,8.920624e-07,0.00012837262,0.0046356013,0.99523515
4430,0.76083726,0.20886482,0.009748193,0.020549724
4007,3.76791e-05,0.00010316402,0.1113757,0.88848346
9041,6.6917375e-05,4.8104293e-06,0.20924626,0.790682
5599,0.0001876887,0.00430081,0.10772116,0.8877903
4631,0.61858475,0.37518498,0.0007136062,0.005516633
1610,5.7147404e-06,5.5909448e-05,0.07870005,0.9212383
4409,1.471567e-05,0.00538699,0.04145418,0.95314413
7940,6.942482e-05,0.0008524107,0.15269941,0.84637874
7360,0.6465023,0.30376747,0.0001952411,0.04953493
7048,0.0032661625,0.0017246892,0.076470934,0.9185382
324,0.0056855716,0.0022558311,0.06289682,0.9291617
6470,0.73315215,0.2396152,0.0008318376,0.026400845
2017,0.20505771,0.77330625,0.014995311,0.0066407006
8816,0.100785986,0.88788193,0.001330068,0.010002068
1337,4.597814e-06,0.00012401752,0.29663652,0.7032349
5081,0.0018424658,0.0054668584,0.09319964,0.8994911
5697,3.896081e-06,8.6234184e-05,0.035302643,0.9646072
6972,0.20936143,0.37250483,0.010312032,0.40782169
1263,0.3555722,0.57832664,0.021464266,0.04463695
8186,0.47857586,0.45355397,0.053918414,0.013951789
9316,1.5853787e-07,0.00029265793,0.00089763495,0.9988096
1385,0.4155104,0.3695724,0.057568178,0.15734908
8417,8.878171e-06,8.181934e-06,0.20618209,0.79380083
2339,0.30429855,0.56516856,0.028844934,0.10168795
7669,0.2535738,0.70533365,0.009432243,0.031660337
8811,0.002289619,0.030948985,0.07286237,0.8938991
7146,0.0022692315,0.00043023675,0.11349061,0.88381
8799,3.3088054e-05,0.0006765769,0.004342192,0.99494815
2544,0.41994733,0.56461304,0.0055688513,0.009870795
1847,0.08439573,0.9044888,0.00088464207,0.01023087
2145,0.15933882,0.82994354,0.002876286,0.0078413235
2146,0.5186961,0.47839722,0.00073511415,0.0021715297
747,2.1170486e-07,2.4866431e-05,0.024497379,0.9754775
5193,7.048916e-05,5.1882886e-05,0.0036287254,0.9962489
2818,0.5501582,0.43551594,0.002592294,0.011733569
4984,0.00023811127,0.26430973,0.011708797,0.7237433
4202,0.08715098,0.8377073,0.024878573,0.05026313
2982,1.9852358e-09,2.8133352e-05,0.0025330973,0.9974388
498,0.009964059,0.0026736057,0.100826815,0.88653547
6831,0.00028628687,0.0058527524,0.5635864,0.43027458
4110,0.00031047664,0.0051790564,0.07408425,0.9204262
4788,4.016854e-06,0.00022096671,0.007754731,0.9920203
5523,0.24169104,0.6888692,0.033650246,0.035789546
4744,0.94771135,0.051146306,0.00064915523,0.0004932559
2556,2.423535e-05,2.859942e-05,0.007050788,0.9928964
5216,0.032715056,0.10219253,0.13294573,0.7321467
4050,5.2115723e-07,1.3875781e-06,0.00037702298,0.99962103
459,0.53049046,0.4565301,0.00095473573,0.012024716
7688,0.39592937,0.40884763,0.026087126,0.16913594
4917,0.13354312,0.8618598,0.000116422154,0.0044806963
2896,0.011304377,0.4864714,0.15539366,0.34683052
6280,0.00228046,0.009872655,0.0675931,0.92025375
2363,7.974266e-06,7.639094e-05,0.053199448,0.9467162
4250,0.6971213,0.2924927,0.0011967857,0.00918918
6679,0.6183961,0.22745985,0.009506052,0.144638
5232,0.004141982,0.07428832,0.10872505,0.81284463
5584,0.3081036,0.66427577,0.0066180867,0.021002527
5612,0.27341065,0.3664353,0.06920553,0.29094857
6222,0.00013137561,0.0008747447,0.2804277,0.7185662
1507,0.03084049,0.027932856,0.3860507,0.55517596
4774,0.042545658,0.61774665,0.0115903355,0.32811737
1220,2.45057e-05,0.00027930355,0.11990262,0.8797935
6065,0.02474878,0.05886481,0.04233611,0.8740503
1713,0.6579846,0.2898948,0.04968806,0.0024325578
9433,0.5587318,0.391968,0.033333242,0.015966972
5822,0.0477739,0.018640403,0.07879308,0.8547926
9051,0.32659748,0.6554348,0.0020905884,0.01587716
8967,0.00056739635,6.995703e-05,0.12896731,0.8703953
5708,0.009501116,0.01773079,0.0592458,0.91352224
4311,0.0029545927,0.01799941,0.24147302,0.737573
683,0.10232356,0.8509121,0.0062353993,0.040528934
7988,0.2646103,0.7207618,0.0030469182,0.0115810605
6898,0.15401116,0.6673786,0.025490252,0.15311998
222,0.22923134,0.5395464,0.04477258,0.18644968
7597,8.022061e-07,9.040342e-06,0.0058174115,0.99417275
6738,0.70235616,0.29652965,0.00011239363,0.00100185
6305,0.33244297,0.630325,0.0067819627,0.030450076
8124,6.7745054e-06,0.000145818,0.0982994,0.901548
4089,0.008077973,0.002741384,0.4567305,0.53245014
4967,0.005011868,0.0023072772,0.54926854,0.44341227
2537,5.704747e-06,1.9349054e-05,0.14209628,0.8578787
5551,1.4028979e-07,7.0663365e-05,0.15723532,0.84269387
3941,2.0975509e-07,3.2514827e-06,0.0068263584,0.99317014
8071,0.0906023,0.81776947,0.028453704,0.06317453
4818,0.11405075,0.68654066,0.021980682,0.17742792
8116,0.5209814,0.12810993,0.01340908,0.33749965
9364,0.00048678406,0.00017157642,0.4142596,0.58508205
9346,0.31069577,0.6729907,0.008688137,0.0076254234
135,0.68420064,0.21922769,0.038550276,0.05802138
208,1.770529e-05,1.782281e-05,0.051960703,0.9480038
8502,0.00599338,0.0050516077,0.47257456,0.5163804
8890,0.11936171,0.20546435,0.41699407,0.25817987
8973,0.8946715,0.028047735,0.037144445,0.040136293
2160,0.30178118,0.6919274,0.0025363944,0.0037550223
8106,0.80955297,0.17249878,0.0023095284,0.015638728
1152,1.1775553e-05,0.00027103742,0.16320175,0.8365155
7309,0.80916977,0.18968008,0.0008719677,0.00027813777
4783,0.32623112,0.58038276,0.04726561,0.046120483
8842,0.00048630632,0.0005899607,0.3336887,0.665235
1194,0.086373076,0.18807824,0.56898665,0.15656203
2613,9.5868e-05,0.000996649,0.07824971,0.92065775
3994,0.073089354,0.8924667,0.002633853,0.031810056
1597,0.0005252974,0.00010861225,0.4288366,0.57052946
499,0.4756134,0.3696449,0.07692967,0.077812016
336,0.2250242,0.5285178,0.21873705,0.027721005
1758,0.8074209,0.18800487,0.0012523683,0.003321913
7379,0.00020485376,0.02036958,0.03787123,0.94155437
9389,0.1266007,0.85903716,0.008486,0.005876169
6358,0.13179922,0.84678465,0.00433921,0.017076897
6610,0.9250192,0.073818624,0.0005983883,0.00056381914
967,8.116263e-05,0.020081509,0.008078956,0.97175837
3612,0.030513894,0.9212189,0.0036883894,0.04457886
1060,0.10628338,0.49309367,0.028521271,0.37210166
1816,7.0088645e-06,3.3418262e-05,0.006593211,0.9933663
2979,0.025618952,0.06280543,0.025636053,0.88593954
918,0.19560005,0.7716998,0.0013714475,0.03132871
6474,0.0004579105,0.0027543916,0.4362365,0.56055117
3309,0.00037691652,0.0020888897,0.054055825,0.9434784
4552,0.18279497,0.26745206,0.091809325,0.4579436
3429,0.009503631,0.7133511,0.14024267,0.13690265
3850,0.6184788,0.30852282,0.004373325,0.06862503
6133,0.032111913,0.076629356,0.2565616,0.63469714
5141,0.13973899,0.63511926,0.15289505,0.07224674
9348,0.027704692,0.9303374,0.0003369984,0.041620865
9288,0.00620363,0.00044844247,0.43724057,0.55610734
1702,0.0026754758,0.47203007,0.14607099,0.37922344
9122,0.053002637,0.2166413,0.14282472,0.5875313
7001,7.570591e-05,0.000105384264,0.71300113,0.28681776
3972,0.34307995,0.6524024,0.002198684,0.0023190111
2679,0.37666497,0.5790597,0.0014493372,0.04282598
3392,8.437358e-06,8.974539e-05,0.4247957,0.5751061
3991,0.0048482656,0.030143075,0.0143491095,0.9506595
811,0.21176413,0.77612835,0.009113183,0.0029943665
1962,1.0188826e-05,4.6883056e-06,0.051215738,0.9487694
1244,0.44201478,0.5537674,0.0035735278,0.0006443155
5545,0.015537978,0.04698419,0.20787258,0.72960526
5608,0.360087,0.48447695,0.06825615,0.08717985
5824,0.20600216,0.7758982,0.0012429676,0.016856618
688,0.11155822,0.0016991043,0.19264379,0.6940989
6150,8.986562e-06,0.00011809397,0.038093127,0.96177983
1218,0.8225396,0.15565364,0.0057028327,0.016103897
385,0.17540185,0.8074645,0.0006157144,0.016517987
3225,0.24203937,0.724258,0.02237379,0.011328895
7508,0.69678587,0.13645619,0.0018853656,0.16487257
6007,0.2336912,0.7508594,0.0072041946,0.00824524
6185,2.5973579e-05,5.585961e-06,0.000154509,0.999814
6123,0.59378195,0.40089682,0.00040502814,0.004916214
2486,0.0018072388,0.0016801653,0.023979934,0.9725327
9297,0.23218799,0.7475787,0.00022956045,0.020003775
5079,0.68467057,0.17244944,0.12371447,0.019165479
446,7.771457e-05,0.015042128,0.020593021,0.96428716
485,4.4970006e-06,0.0012459415,0.060779933,0.93796957
4813,0.31416333,0.6100147,0.0059361374,0.069885865
5690,0.34810564,0.6430906,0.0029347546,0.005868964
5348,1.3302319e-05,0.002737262,0.43286103,0.5643884
7701,0.9497568,0.04610965,0.0010830133,0.0030505317
1806,0.38084322,0.27155107,0.31707668,0.03052897
8082,0.001991943,0.016782044,0.019813849,0.9614122
2718,0.17692411,0.7265073,0.01564049,0.080928065
9432,3.6783997e-05,0.0019985624,0.016710937,0.9812538
2305,0.10680727,0.07732267,0.0050183935,0.81085163
2223,0.2208633,0.3981855,0.007865745,0.37308547
1431,0.44069174,0.5240177,0.003752584,0.03153797
2306,2.0064053e-05,0.022552568,0.0017095637,0.9757178
8983,0.22070077,0.7261001,0.0015689139,0.051630266
1851,0.037789196,0.9333421,0.000707406,0.028161323
3497,0.012915562,0.12255449,0.27964827,0.58488166
7754,0.24497992,0.28602308,0.0010677656,0.46792924
5821,0.25236464,0.68415713,0.011979411,0.051498834
1763,0.005931871,0.024930568,0.26862314,0.70051444
2767,0.0027087166,0.021551898,0.07925762,0.8964817
3206,0.00039885595,0.005978613,0.6840891,0.3095334
9194,5.306997e-06,5.068787e-05,0.071728595,0.9282154
7202,0.1338575,0.8587715,0.0010582302,0.0063127293
2854,0.78100955,0.21791469,0.000121286015,0.0009544443
1838,0.22661851,0.5081159,0.013961505,0.25130406
2029,0.2891616,0.570603,0.06913849,0.07109692
2259,0.084163964,0.77363765,0.039594118,0.10260427
2549,4.0869222e-07,4.6986675e-06,0.011703916,0.98829097
7402,0.007518234,3.593901e-05,0.008598585,0.9838472
9145,0.9410881,0.057740256,0.00048090811,0.0006906952
3968,9.889219e-06,0.00017442695,0.04295221,0.9568635
1111,0.17344816,0.4272893,0.30096638,0.098296106
4204,3.1048006e-05,0.00063120364,0.04271351,0.9566242
6619,0.048505943,0.68681586,0.011292635,0.25338554
697,0.00064112083,0.0006941156,0.13970433,0.8589604
5835,0.46240348,0.50064135,0.034111574,0.0028435846
6390,0.00030896114,0.00041232668,0.17899734,0.8202813
3181,6.270474e-05,0.00034355873,0.01563143,0.9839623
7448,0.00037461103,0.0001527119,0.054666717,0.944806
4473,0.0053995624,0.0012359327,0.07415504,0.9192094
6734,0.000101643935,0.06166344,0.33444455,0.6037904
2298,0.32446793,0.50502956,0.11290046,0.057602055
1447,0.50076765,0.23783748,0.0616174,0.19977748
8227,6.998425e-07,0.00013681712,0.013410828,0.9864516
3219,0.1661794,0.8260869,0.0003481169,0.0073856697
7269,6.822413e-05,1.5904552e-05,0.03445841,0.9654575
8645,6.6030066e-06,0.00051558233,0.11743466,0.8820432
1980,0.21711908,0.7644713,0.0065854862,0.011824102
9058,2.2515305e-05,7.63512e-05,0.08947792,0.9104233
2362,2.4677754e-06,8.5936745e-06,0.016317584,0.98367137
5094,0.044291634,0.67921466,0.03934721,0.23714654
5873,0.3739088,0.6104584,0.00026778015,0.015365001
5969,0.54180825,0.353265,0.020364007,0.08456274
5974,0.0042829528,0.011854908,0.02927043,0.9545917
8554,0.22996214,0.7533925,0.0064748037,0.010170595
7097,5.295851e-05,0.020667588,0.05001823,0.9292612
7099,0.88345265,0.09993812,0.006247711,0.010361574
6874,0.0020180813,0.021572696,0.0025733085,0.97383595
8062,4.87462e-06,4.978124e-05,0.012089582,0.98785573
4227,0.00015549341,0.0006908996,0.2191187,0.78003496
7154,0.98743725,0.009732638,0.0018445696,0.0009855729
4893,0.8659886,0.10601539,0.008630798,0.019365214
6174,0.74351794,0.24643214,0.0038377973,0.006212093
6639,0.0006516855,0.00077325606,0.34603745,0.6525376
2711,0.16343883,0.023487065,0.11660332,0.69647074
3079,0.57053465,0.303898,0.023678524,0.10188886
1436,0.03310695,0.95651096,0.00030071053,0.010081393
3496,0.17531076,0.80397,0.010522689,0.010196591
3425,0.11532292,0.8496255,0.03336975,0.0016818085
6645,0.80673283,0.18556471,0.0038421403,0.0038602767
7758,0.49806938,0.49119332,0.004395019,0.0063422136
4506,0.010954524,0.0034238407,0.16892293,0.81669873
5762,1.6588478e-05,0.0014654248,0.356801,0.64171696
6398,0.00010163126,0.00057673955,0.03428765,0.96503395
8923,0.9453884,0.052900378,0.0007324939,0.000978741
3621,7.6188185e-06,0.0006077178,0.057941217,0.9414435
8287,3.9127428e-07,9.215397e-05,0.022112835,0.97779465
8284,0.18331896,0.13152196,0.16060795,0.52455115
8283,0.0014283609,0.0008613671,0.015760677,0.9819496
7564,0.52157146,0.47049758,0.001468514,0.006462451
4102,0.4394418,0.32541195,0.056917377,0.17822891
5492,8.330655e-06,0.00053612114,0.25695378,0.7425018
5178,1.917075e-07,2.2701288e-05,0.0029675355,0.9970095
6951,0.15642263,0.6578787,0.007518077,0.17818059
4538,0.8241806,0.16803357,0.0009408336,0.006845023
4304,0.14881283,0.85084337,0.00024369713,0.000100034566
2829,0.006017431,5.8239122e-05,0.40810385,0.58582044
2282,0.6821318,0.30260685,0.0029875422,0.012273805
1910,0.4636957,0.52009255,0.0031694868,0.013042232
453,0.00013143485,0.0029687611,0.02309046,0.97380936
5452,0.00475382,0.019319149,0.038809415,0.9371176
5670,9.240177e-05,0.00040001806,0.047174178,0.95233345
2729,0.00014345908,0.011916684,0.018580928,0.9693589
6204,7.464622e-05,0.002104649,0.101237945,0.8965828
9144,4.459244e-05,0.00011565362,0.017760754,0.98207897
9143,8.340407e-05,9.723943e-06,0.0759486,0.9239583
9148,0.00022411377,0.005525618,0.025775775,0.96847445
9191,0.00011466293,4.107998e-05,0.34937614,0.65046805
6691,0.0032922495,0.023401104,0.092283465,0.8810231
6690,0.9835681,0.0068300143,0.0008214594,0.008780532
5403,0.013819271,0.9289498,0.004455218,0.05277575
5407,0.78097874,0.09958573,0.06853968,0.05089589
3523,0.29339728,0.6791888,0.0041812593,0.023232657
4497,0.03254831,0.8435455,0.0071403743,0.116765834
8929,0.010438433,0.39057815,0.095046796,0.5039366
1643,0.0061834976,0.008221536,0.83760685,0.14798814
8810,0.0020095946,0.1216131,0.027995564,0.84838176
4920,0.37739816,0.6133175,0.0035204461,0.00576386
4083,0.21693344,0.76265275,0.0017525059,0.018661356
8009,3.3939872e-05,6.5039116e-05,0.817521,0.18238002
8096,0.23861901,0.7560862,0.00013232457,0.0051624803
5292,2.0111958e-05,0.000107394335,0.10403921,0.8958333
6622,0.39377114,0.45563126,0.083539546,0.06705801
3009,0.00076167757,0.05966533,0.21213126,0.72744167
8618,0.14951718,0.0043163896,0.024935113,0.82123125
8619,6.310151e-08,2.637428e-06,0.0063545597,0.9936427
6524,0.001077534,0.001442219,0.0071123014,0.990368
6792,0.06570727,0.006558672,0.28945062,0.6382835
6092,0.03726418,0.6703092,0.11884386,0.17358278
6044,0.0017142607,0.02060342,0.480154,0.49752825
5629,0.00044779156,0.0003963071,0.23347136,0.76568455
5517,0.24342133,0.75080854,0.0014216562,0.0043484676
7405,0.007693571,0.047866303,0.5977867,0.3466534
7410,0.001118136,0.0032238038,0.03807219,0.9575858
7412,0.30258864,0.68797565,0.0014405549,0.007995191
7424,2.1547514e-05,0.042280063,0.020789929,0.9369085
7046,0.08891593,0.09272228,0.7083542,0.1100076
7026,0.8575155,0.0009241122,0.09935597,0.042204347
7045,0.00021438849,0.0002488174,0.054772906,0.9447639
3339,1.6991182e-05,0.00016095022,0.28275824,0.7170638
2822,5.226755e-07,6.0998923e-06,0.033555947,0.9664374
2181,0.0012120695,0.00034340742,0.09626357,0.902181
2846,0.35005248,0.64540076,0.001734481,0.0028122854
4349,0.14572491,0.8097951,0.0021244814,0.04235557
5160,0.117188975,0.396103,0.032323387,0.45438462
8672,0.51783407,0.47913885,0.00253897,0.00048814397
2216,0.9725993,0.005159296,0.00011270476,0.02212871
3742,0.04247449,0.017803319,0.7622292,0.17749302
6921,6.796817e-05,0.00021717706,0.07985463,0.9198602
3187,,,,
8107,,,,
2032,,,,
1743,,,,
1686,,,,
4224,,,,
4225,,,,
7661,,,,
5105,,,,
4817,,,,
5984,,,,
8603,,,,
6188,,,,
5816,,,,
5795,,,,
3235,,,,
6659,,,,
6074,,,,
8450,,,,
4261,,,,
4327,,,,
4714,,,,
4715,,,,
5707,,,,
5201,,,,
1625,,,,
506,,,,
2883,,,,
3404,,,,
8766,,,,
8785,,,,
8765,,,,
467,,,,
5558,,,,
3978,,,,
2231,,,,
4759,,,,
4697,,,,
6444,,,,
6168,,,,
1933,,,,
3014,,,,
6387,,,,
2214,,,,
2052,,,,
8593,,,,
5012,,,,
1302,,,,
7419,,,,
5976,,,,
3527,,,,
1970,,,,
4296,,,,
2346,,,,
7741,,,,
9435,,,,
4263,,,,
5588,,,,
9050,,,,
942,,,,
1248,,,,
9278,,,,
4478,,,,
7974,,,,
5101,,,,
5537,,,,
1070,,,,
6182,,,,
4582,,,,
5961,,,,
8207,,,,
3212,,,,
7205,,,,
8428,,,,
7027,,,,
2855,,,,
3817,,,,
8154,,,,
4146,,,,
4012,,,,
4319,,,,
5642,,,,
1492,,,,
4241,,,,
9219,,,,
2853,,,,
8977,,,,
2350,,,,
5233,,,,
4656,,,,
4599,,,,
4323,,,,
7482,,,,
7329,,,,
7233,,,,
5514,,,,
6197,,,,
6534,,,,
7602,,,,
2316,,,,
7357,,,,
7420,,,,
8877,,,,
9235,,,,
3453,,,,
4633,,,,
4112,,,,
3967,,,,
1993,,,,
5838,,,,
6860,,,,
2568,,,,
8562,,,,
7187,,,,
8838,,,,
1130,,,,
4082,,,,
6674,,,,
6382,,,,
3182,,,,
2832,,,,
7672,,,,
8000,,,,
4985,,,,
2395,,,,
9105,,,,
4522,,,,
7456,,,,
5825,,,,
8446,,,,
8449,,,,
5009,,,,
8113,,,,
2959,,,,
1433,,,,
4901,,,,
8232,,,,
8764,,,,
5591,,,,
2578,,,,
852,,,,
5121,,,,
9442,,,,
6599,,,,
6669,,,,
4207,,,,
7971,,,,
1964,,,,
4322,,,,
8989,,,,
3363,,,,
2243,,,,
3851,,,,
3928,,,,
1091,,,,
4140,,,,
5884,,,,
1483,,,,
4019,,,,
4221,,,,
2378,,,,
8088,,,,
2771,,,,
3070,,,,
4388,,,,
8267,,,,
1363,,,,
1364,,,,
8309,,,,
6235,,,,
6148,,,,
2171,,,,
1720,,,,
1117,,,,
5359,,,,
710,,,,
4595,,,,
347,,,,
16,,,,
6982,,,,
774,,,,
8360,,,,
5501,,,,
6462,,,,
4184,,,,
3076,,,,
1849,,,,
4887,,,,
4747,,,,
2701,,,,
8008,,,,
6109,,,,
5845,,,,
4435,,,,
3802,,,,
2233,,,,
3806,,,,
2051,,,,
5327,,,,
1247,,,,
6354,,,,
9045,,,,
9109,,,,
3845,,,,
3376,,,,
3655,,,,
2361,,,,
3879,,,,
5499,,,,
2144,,,,
5959,,,,
7075,,,,
9103,,,,
1429,,,,
5335,,,,
1450,,,,
1102,,,,
7646,,,,
6682,,,,
62,,,,
1877,,,,
369,,,,
541,,,,
2545,,,,
8721,,,,
6057,,,,
6014,,,,
1478,,,,
3705,,,,
1868,,,,
3041,,,,
8653,,,,
952,,,,
2128,,,,
5851,,,,
4493,,,,
3202,,,,
6262,,,,
595,,,,
955,,,,
3370,,,,
2246,,,,
1137,,,,
1410,,,,
4526,,,,
1267,,,,
6479,,,,
3939,,,,
3064,,,,
6961,,,,
9268,,,,
1767,,,,
5698,,,,
2683,,,,
1741,,,,
7,,,,
3102,,,,
8639,,,,
412,,,,
4678,,,,
1256,,,,
3649,,,,
8335,,,,
4354,,,,
3486,,,,
6138,,,,
2956,,,,
5345,,,,
8542,,,,
8165,,,,
2662,,,,
8100,,,,
3358,,,,
4765,,,,
8437,,,,
8162,,,,
7644,,,,
3688,,,,
5044,,,,
759,,,,
1428,,,,
3668,,,,
1275,,,,
7195,,,,
5281,,,,
864,,,,
996,,,,
2263,,,,
4503,,,,
4519,,,,
8308,,,,
8853,,,,
1497,,,,
734,,,,
5060,,,,
3988,,,,
3299,,,,
2211,,,,
1517,,,,
221,,,,
7808,,,,
843,,,,
1259,,,,
1464,,,,
53,,,,
1566,,,,
3679,,,,
3388,,,,
9182,,,,
6015,,,,
8012,,,,
3148,,,,
3257,,,,
8915,,,,
3267,,,,
3307,,,,
4002,,,,
1793,,,,
8750,,,,
5138,,,,
6507,,,,
468,,,,
8626,,,,
7778,,,,
7763,,,,
3811,,,,
6490,,,,
4806,,,,
8342,,,,
8049,,,,
4880,,,,
6853,,,,
6172,,,,
8552,,,,
2117,,,,
4588,,,,
5939,,,,
1489,,,,
2968,,,,
8206,,,,
3285,,,,
9092,,,,
3843,,,,
9142,,,,
6725,,,,
4499,,,,
8188,,,,
5095,,,,
8264,,,,
8262,,,,
2512,,,,
3368,,,,
2484,,,,
8159,,,,
5352,,,,
1833,,,,
2401,,,,
4959,,,,
4960,,,,
3167,,,,
3894,,,,
7016,,,,
4686,,,,
5957,,,,
8504,,,,
7879,,,,
8809,,,,
8741,,,,
9162,,,,
9450,,,,
1568,,,,
1510,,,,
2442,,,,
898,,,,
1987,,,,
8086,,,,
2586,,,,
8457,,,,
477,,,,
4063,,,,
5494,,,,
6466,,,,
9372,,,,
6837,,,,
5531,,,,
3888,,,,
5538,,,,
4228,,,,
1527,,,,
8477,,,,
7422,,,,
2129,,,,
6903,,,,
5119,,,,
8305,,,,
5888,,,,
3389,,,,
5680,,,,
8932,,,,
2420,,,,
8237,,,,
8130,,,,
9185,,,,
9184,,,,
1089,,,,
4060,,,,
6471,,,,
587,,,,
1601,,,,
994,,,,
3005,,,,
2238,,,,
6985,,,,
5561,,,,
1481,,,,
2834,,,,
4106,,,,
1890,,,,
2489,,,,
4702,,,,
573,,,,
2610,,,,
1580,,,,
5649,,,,
4457,,,,
3123,,,,
1983,,,,
6310,,,,
1179,,,,
1465,,,,
2793,,,,
3611,,,,
8191,,,,
8261,,,,
8885,,,,
3738,,,,
8032,,,,
7530,,,,
6897,,,,
4757,,,,
6314,,,,
8543,,,,
746,,,,
1570,,,,
5860,,,,
6406,,,,
5072,,,,
7989,,,,
4554,,,,
8377,,,,
4723,,,,
5949,,,,
9403,,,,
3057,,,,
1486,,,,
7248,,,,
273,,,,
1019,,,,
3712,,,,
8381,,,,
1916,,,,
7135,,,,
6443,,,,
3690,,,,
37,,,,
6764,,,,
4142,,,,
4482,,,,
4719,,,,
3109,,,,
4467,,,,
6789,,,,
5311,,,,
2934,,,,
836,,,,
907,,,,
307,,,,
8546,,,,
9075,,,,
2707,,,,
550,,,,
6798,,,,
1848,,,,
1773,,,,
2745,,,,
4121,,,,
3860,,,,
8742,,,,
6362,,,,
5654,,,,
4088,,,,
4267,,,,
6411,,,,
4005,,,,
8884,,,,
8767,,,,
1633,,,,
6374,,,,
5135,,,,
912,,,,
7128,,,,
4276,,,,
8304,,,,
9422,,,,
4745,,,,
523,,,,
209,,,,
8590,,,,
7198,,,,
5371,,,,
2438,,,,
4387,,,,
7171,,,,
5334,,,,
5663,,,,
5911,,,,
5908,,,,
4222,,,,
527,,,,
9231,,,,
2901,,,,
3645,,,,
3644,,,,
3403,,,,
280,,,,
839,,,,
7710,,,,
2688,,,,
1940,,,,
2828,,,,
6730,,,,
7740,,,,
6896,,,,
2927,,,,
3025,,,,
617,,,,
7948,,,,
8534,,,,
7071,,,,
3998,,,,
7230,,,,
4843,,,,
5378,,,,
1786,,,,
3484,,,,
5615,,,,
4065,,,,
4265,,,,
5174,,,,
6844,,,,
4533,,,,
2963,,,,
7438,,,,
295,,,,
2592,,,,
54,,,,
59,,,,
8312,,,,
8576,,,,
2353,,,,
5045,,,,
4737,,,,
6589,,,,
9123,,,,
409,,,,
1734,,,,
1265,,,,
1290,,,,
6210,,,,
6093,,,,
4932,,,,
2791,,,,
4749,,,,
1638,,,,
7724,,,,
4124,,,,
4479,,,,
7845,,,,
3810,,,,
7290,,,,
4108,,,,
6331,,,,
7699,,,,
5541,,,,
3678,,,,
6885,,,,
2245,,,,
5651,,,,
6463,,,,
1508,,,,
8385,,,,
